0.01,0,0
0.0118367,0,0
0.0136735,0,0
0.0155102,0,0
0.0173469,0,0
0.0191837,0,0
0.0210204,0,0
0.0228571,0,0
0.0246939,0,0
0.0265306,0,0
0.0283673,0,0
0.0302041,0,0
0.0320408,0,0
0.0338776,0,0
0.0357143,0,0
0.037551,0,0
0.0393878,0,0
0.0412245,0,0
0.0430612,0,0
0.044898,0,0
0.0467347,0,0
0.0485714,0,0
0.0504082,0,0
0.0522449,0,0
0.0540816,0,0
0.0559184,0,0
0.0577551,0,0
0.0595918,0,0
0.0614286,0,0
0.0632653,0,0
0.065102,0,0
0.0669388,0,0
0.0687755,0,0
0.0706122,0,0
0.072449,0,0
0.0742857,0,0
0.0761224,0,0
0.0779592,0,0
0.0797959,0,0
0.0816327,0,0
0.0834694,0,0
0.0853061,0,0
0.0871429,0,0
0.0889796,0,0
0.0908163,0,0
0.0926531,0,0
0.0944898,0,0
0.0963265,0,0
0.0981633,0,0
0.1,0,0
0.102041,0,0
0.104082,0,0
0.106122,0,0
0.108163,0,0
0.110204,0,0
0.112245,0,0
0.114286,0,0
0.116327,0,0
0.118367,0,0
0.120408,0,0
0.122449,0,0
0.12449,0,0
0.126531,0,0
0.128571,0,0
0.130612,0,0
0.132653,0,0
0.134694,0,0
0.136735,0,0
0.138776,0,0
0.140816,0,0
0.142857,0,0
0.144898,0,0
0.146939,0,0
0.14898,0,0
0.15102,0,0
0.153061,0,0
0.155102,0,0
0.157143,0,0
0.159184,0,0
0.161224,0,0
0.163265,0,0
0.165306,0,0
0.167347,0,0
0.169388,0,0
0.171429,0,0
0.173469,0,0
0.17551,0,0
0.177551,0,0
0.179592,0,0
0.181633,0,0
0.183673,0,0
0.185714,0,0
0.187755,0,0
0.189796,0,0
0.191837,0,0
0.193878,0,0
0.195918,0,0
0.197959,0,0
0.2,0,0
0.202041,0,0
0.204082,0,0
0.206122,0,0
0.208163,0,0
0.210204,0,0
0.212245,0,0
0.214286,0,0
0.216327,0,0
0.218367,0,0
0.220408,0,0
0.222449,0,0
0.22449,0,0
0.226531,0,0
0.228571,0,0
0.230612,0,0
0.232653,0,0
0.234694,0,0
0.236735,1.70226e-19,9.11977e-23
0.238776,9.26968e-18,4.96861e-21
0.240816,8.17987e-17,4.38951e-20
0.242857,3.67317e-16,1.97295e-19
0.244898,1.15289e-15,6.20035e-19
0.246939,2.90842e-15,1.56605e-18
0.24898,6.30763e-15,3.40109e-18
0.25102,1.22563e-14,6.61421e-18
0.253061,2.19348e-14,1.18581e-17
0.255102,3.68378e-14,1.9935e-17
0.257143,5.87847e-14,3.18378e-17
0.259184,8.95994e-14,4.8608e-17
0.261224,1.32057e-13,7.17135e-17
0.263265,1.8851e-13,1.02499e-16
0.265306,2.62748e-13,1.43007e-16
0.267347,3.57342e-13,1.94747e-16
0.269388,4.76052e-13,2.59754e-16
0.271429,6.23876e-13,3.40912e-16
0.273469,8.05121e-13,4.40369e-16
0.27551,1.02275e-12,5.5994e-16
0.277551,1.28547e-12,7.04889e-16
0.279592,1.59626e-12,8.77317e-16
0.281633,1.96043e-12,1.07943e-15
0.283673,2.3848e-12,1.31616e-15
0.285714,2.88148e-12,1.59165e-15
0.287755,3.44779e-12,1.90651e-15
0.289796,4.09453e-12,2.26645e-15
0.291837,4.82918e-12,2.67714e-15
0.293878,5.66214e-12,3.14155e-15
0.295918,6.59671e-12,3.66479e-15
0.297959,7.64429e-12,4.24778e-15
0.3,8.82643e-12,4.90457e-15
0.302041,1.01268e-11,5.64185e-15
0.304082,1.15546e-11,6.44474e-15
0.306122,1.31486e-11,7.3475e-15
0.308163,1.48772e-11,8.3278e-15
0.310204,1.68055e-11,9.4193e-15
0.312245,1.88988e-11,1.06064e-14
0.314286,2.11635e-11,1.19003e-14
0.316327,2.36527e-11,1.33127e-14
0.318367,2.63455e-11,1.48467e-14
0.320408,2.92211e-11,1.64945e-14
0.322449,3.23836e-11,1.8293e-14
0.32449,3.5754e-11,2.02202e-14
0.326531,3.9395e-11,2.23017e-14
0.328571,4.32682e-11,2.45285e-14
0.330612,4.74381e-11,2.6916e-14
0.332653,5.18459e-11,2.94522e-14
0.334694,5.66248e-11,3.21585e-14
0.336735,6.16951e-11,3.50906e-14
0.338776,6.70766e-11,3.81896e-14
0.340816,7.27563e-11,4.14979e-14
0.342857,7.88798e-11,4.50608e-14
0.344898,8.52459e-11,4.8741e-14
0.346939,9.20352e-11,5.2667e-14
0.34898,9.93124e-11,5.69527e-14
0.35102,1.06771e-10,6.13147e-14
0.353061,1.14726e-10,6.59647e-14
0.355102,1.23184e-10,7.09299e-14
0.357143,1.32021e-10,7.60643e-14
0.359184,1.41373e-10,8.15927e-14
0.361224,1.50898e-10,8.72084e-14
0.363265,1.61162e-10,9.32742e-14
0.365306,1.71891e-10,9.95719e-14
0.367347,1.83181e-10,1.06235e-13
0.369388,1.94897e-10,1.13199e-13
0.371429,2.06722e-10,1.2021e-13
0.373469,2.19683e-10,1.27858e-13
0.37551,2.32809e-10,1.35622e-13
0.377551,2.46996e-10,1.44036e-13
0.379592,2.61474e-10,1.5275e-13
0.381633,2.7629e-10,1.61658e-13
0.383673,2.91778e-10,1.7085e-13
0.385714,3.08328e-10,1.80845e-13
0.387755,3.24906e-10,1.90656e-13
0.389796,3.42437e-10,2.01236e-13
0.391837,3.60389e-10,2.11949e-13
0.393878,3.79176e-10,2.23311e-13
0.395918,3.98761e-10,2.35103e-13
0.397959,4.18818e-10,2.47126e-13
0.4,4.40022e-10,2.59948e-13
0.402041,4.61819e-10,2.73113e-13
0.404082,4.83737e-10,2.8651e-13
0.406122,5.06809e-10,3.00354e-13
0.408163,5.29957e-10,3.14634e-13
0.410204,5.54689e-10,3.29511e-13
0.412245,5.80783e-10,3.45306e-13
0.414286,6.06371e-10,3.61448e-13
0.416327,6.32868e-10,3.77279e-13
0.418367,6.60618e-10,3.94299e-13
0.420408,6.88263e-10,4.1146e-13
0.422449,7.18317e-10,4.29749e-13
0.42449,7.48753e-10,4.4829e-13
0.426531,7.79511e-10,4.67279e-13
0.428571,8.11762e-10,4.87456e-13
0.430612,8.44601e-10,5.07822e-13
0.432653,8.77758e-10,5.28181e-13
0.434694,9.1065e-10,5.48642e-13
0.436735,9.48004e-10,5.7152e-13
0.438776,9.84137e-10,5.94346e-13
0.440816,1.02112e-09,6.17683e-13
0.442857,1.06078e-09,6.41953e-13
0.444898,1.1007e-09,6.67282e-13
0.446939,1.13913e-09,6.91419e-13
0.44898,1.18068e-09,7.17495e-13
0.45102,1.22281e-09,7.44024e-13
0.453061,1.26568e-09,7.70273e-13
0.455102,1.31079e-09,7.99155e-13
0.457143,1.35446e-09,8.26861e-13
0.459184,1.40058e-09,8.55343e-13
0.461224,1.44896e-09,8.85447e-13
0.463265,1.49572e-09,9.14645e-13
0.465306,1.54573e-09,9.45373e-13
0.467347,1.59703e-09,9.79716e-13
0.469388,1.648e-09,1.01066e-12
0.471429,1.70032e-09,1.04317e-12
0.473469,1.75393e-09,1.07777e-12
0.47551,1.81175e-09,1.11406e-12
0.477551,1.86513e-09,1.14818e-12
0.479592,1.92257e-09,1.18357e-12
0.481633,1.97944e-09,1.22028e-12
0.483673,2.04034e-09,1.25881e-12
0.485714,2.10182e-09,1.29646e-12
0.487755,2.1623e-09,1.33557e-12
0.489796,2.22459e-09,1.37567e-12
0.491837,2.28927e-09,1.41813e-12
0.493878,2.35512e-09,1.46095e-12
0.495918,2.42221e-09,1.50228e-12
0.497959,2.48924e-09,1.54543e-12
0.5,2.5589e-09,1.59138e-12
0.502041,2.62796e-09,1.63585e-12
0.504082,2.69986e-09,1.68085e-12
0.506122,2.77545e-09,1.73006e-12
0.508163,2.84758e-09,1.77812e-12
0.510204,2.92043e-09,1.82551e-12
0.512245,3.00052e-09,1.8772e-12
0.514286,3.07901e-09,1.92797e-12
0.516327,3.15575e-09,1.97778e-12
0.518367,3.23642e-09,2.0307e-12
0.520408,3.31442e-09,2.08111e-12
0.522449,3.40081e-09,2.13709e-12
0.52449,3.48925e-09,2.19449e-12
0.526531,3.56771e-09,2.24838e-12
0.528571,3.66144e-09,2.30986e-12
0.530612,3.7494e-09,2.36629e-12
0.532653,3.83692e-09,2.42258e-12
0.534694,3.93194e-09,2.48328e-12
0.536735,4.02602e-09,2.54401e-12
0.538776,4.12024e-09,2.60564e-12
0.540816,4.21413e-09,2.66713e-12
0.542857,4.30929e-09,2.72797e-12
0.544898,4.40874e-09,2.79286e-12
0.546939,4.50557e-09,2.85621e-12
0.54898,4.60686e-09,2.92201e-12
0.55102,4.7112e-09,2.99035e-12
0.553061,4.81685e-09,3.05797e-12
0.555102,4.91438e-09,3.12149e-12
0.557143,5.02636e-09,3.19514e-12
0.559184,5.13661e-09,3.26805e-12
0.561224,5.24734e-09,3.34428e-12
0.563265,5.36137e-09,3.41752e-12
0.565306,5.473e-09,3.48926e-12
0.567347,5.58879e-09,3.56439e-12
0.569388,5.70035e-09,3.63783e-12
0.571429,5.82398e-09,3.7213e-12
0.573469,5.93693e-09,3.79456e-12
0.57551,6.06078e-09,3.876e-12
0.577551,6.18077e-09,3.9592e-12
0.579592,6.30161e-09,4.0356e-12
0.581633,6.43157e-09,4.12233e-12
0.583673,6.55e-09,4.19868e-12
0.585714,6.68331e-09,4.28776e-12
0.587755,6.81933e-09,4.38083e-12
0.589796,6.94745e-09,4.46896e-12
0.591837,7.08767e-09,4.5598e-12
0.593878,7.21488e-09,4.64656e-12
0.595918,7.34813e-09,4.7337e-12
0.597959,7.49399e-09,4.83008e-12
0.6,7.62877e-09,4.91985e-12
0.602041,7.77087e-09,5.01958e-12
0.604082,7.91498e-09,5.11388e-12
0.606122,8.06585e-09,5.21301e-12
0.608163,8.20622e-09,5.3135e-12
0.610204,8.35686e-09,5.41227e-12
0.612245,8.50623e-09,5.51339e-12
0.614286,8.66152e-09,5.62079e-12
0.616327,8.81423e-09,5.71949e-12
0.618367,8.96262e-09,5.81487e-12
0.620408,9.12815e-09,5.92896e-12
0.622449,9.26885e-09,6.02273e-12
0.62449,9.4375e-09,6.13529e-12
0.626531,9.59719e-09,6.23968e-12
0.628571,9.75586e-09,6.34164e-12
0.630612,9.9299e-09,6.45887e-12
0.632653,1.00846e-08,6.5656e-12
0.634694,1.02571e-08,6.67971e-12
0.636735,1.04175e-08,6.786e-12
0.638776,1.06113e-08,6.91711e-12
0.640816,1.07714e-08,7.01567e-12
0.642857,1.09511e-08,7.14089e-12
0.644898,1.11164e-08,7.25306e-12
0.646939,1.13056e-08,7.37196e-12
0.64898,1.14814e-08,7.48915e-12
0.65102,1.16554e-08,7.60893e-12
0.653061,1.18456e-08,7.74041e-12
0.655102,1.20349e-08,7.86943e-12
0.657143,1.2224e-08,7.98839e-12
0.659184,1.23888e-08,8.09893e-12
0.661224,1.2587e-08,8.22907e-12
0.663265,1.27943e-08,8.37373e-12
0.665306,1.29788e-08,8.50088e-12
0.667347,1.319e-08,8.64002e-12
0.669388,1.33694e-08,8.76593e-12
0.671429,1.35816e-08,8.90386e-12
0.673469,1.37731e-08,9.03332e-12
0.67551,1.39891e-08,9.18154e-12
0.677551,1.41867e-08,9.32016e-12
0.679592,1.43953e-08,9.45892e-12
0.681633,1.45862e-08,9.58614e-12
0.683673,1.47972e-08,9.73326e-12
0.685714,1.50026e-08,9.87141e-12
0.687755,1.52387e-08,1.00323e-11
0.689796,1.54615e-08,1.01841e-11
0.691837,1.56645e-08,1.03156e-11
0.693878,1.58822e-08,1.0468e-11
0.695918,1.61124e-08,1.0625e-11
0.697959,1.63379e-08,1.07825e-11
0.7,1.65841e-08,1.09499e-11
0.702041,1.67942e-08,1.10925e-11
0.704082,1.70293e-08,1.12555e-11
0.706122,1.72556e-08,1.14033e-11
0.708163,1.74844e-08,1.15597e-11
0.710204,1.77291e-08,1.17329e-11
0.712245,1.7973e-08,1.18844e-11
0.714286,1.82173e-08,1.20643e-11
0.716327,1.84259e-08,1.21964e-11
0.718367,1.86691e-08,1.23636e-11
0.720408,1.89232e-08,1.25345e-11
0.722449,1.91856e-08,1.27076e-11
0.72449,1.94036e-08,1.28588e-11
0.726531,1.96759e-08,1.30247e-11
0.728571,1.9938e-08,1.32119e-11
0.730612,2.01701e-08,1.33669e-11
0.732653,2.04232e-08,1.35363e-11
0.734694,2.06791e-08,1.37047e-11
0.736735,2.09528e-08,1.39009e-11
0.738776,2.12237e-08,1.40796e-11
0.740816,2.15081e-08,1.42614e-11
0.742857,2.17097e-08,1.44137e-11
0.744898,2.2003e-08,1.45911e-11
0.746939,2.22835e-08,1.47946e-11
0.74898,2.25491e-08,1.49666e-11
0.75102,2.28161e-08,1.5156e-11
0.753061,2.30642e-08,1.5322e-11
0.755102,2.33609e-08,1.55125e-11
0.757143,2.36408e-08,1.57093e-11
0.759184,2.39587e-08,1.59172e-11
0.761224,2.41915e-08,1.60858e-11
0.763265,2.44932e-08,1.62853e-11
0.765306,2.47363e-08,1.64449e-11
0.767347,2.50834e-08,1.66856e-11
0.769388,2.53289e-08,1.68614e-11
0.771429,2.56449e-08,1.70633e-11
0.773469,2.59446e-08,1.72682e-11
0.77551,2.62948e-08,1.75035e-11
0.777551,2.65815e-08,1.77062e-11
0.779592,2.68418e-08,1.78739e-11
0.781633,2.71535e-08,1.80991e-11
0.783673,2.7461e-08,1.83043e-11
0.785714,2.77489e-08,1.84964e-11
0.787755,2.80793e-08,1.87343e-11
0.789796,2.84041e-08,1.89579e-11
0.791837,2.87047e-08,1.91666e-11
0.793878,2.90075e-08,1.937e-11
0.795918,2.93428e-08,1.95785e-11
0.797959,2.96173e-08,1.97744e-11
0.8,2.99934e-08,2.00494e-11
0.802041,3.03113e-08,2.02301e-11
0.804082,3.06161e-08,2.04547e-11
0.806122,3.09778e-08,2.07032e-11
0.808163,3.12539e-08,2.08967e-11
0.810204,3.1635e-08,2.11622e-11
0.812245,3.19413e-08,2.1383e-11
0.814286,3.22748e-08,2.16e-11
0.816327,3.25944e-08,2.18044e-11
0.818367,3.29133e-08,2.20411e-11
0.820408,3.32798e-08,2.22777e-11
0.822449,3.3653e-08,2.25495e-11
0.82449,3.39735e-08,2.2748e-11
0.826531,3.43474e-08,2.2993e-11
0.828571,3.46903e-08,2.32266e-11
0.830612,3.50495e-08,2.34712e-11
0.832653,3.53944e-08,2.36842e-11
0.834694,3.56815e-08,2.3864e-11
0.836735,3.60822e-08,2.41547e-11
0.838776,3.64458e-08,2.44011e-11
0.840816,3.67949e-08,2.46237e-11
0.842857,3.71576e-08,2.48859e-11
0.844898,3.7595e-08,2.51771e-11
0.846939,3.79264e-08,2.53672e-11
0.84898,3.8319e-08,2.56762e-11
0.85102,3.86764e-08,2.58981e-11
0.853061,3.90657e-08,2.61519e-11
0.855102,3.94212e-08,2.63851e-11
0.857143,3.97355e-08,2.65996e-11
0.859184,4.01587e-08,2.69191e-11
0.861224,4.05465e-08,2.71446e-11
0.863265,4.09094e-08,2.74024e-11
0.865306,4.12834e-08,2.77021e-11
0.867347,4.17135e-08,2.79451e-11
0.869388,4.20797e-08,2.82307e-11
0.871429,4.25242e-08,2.85127e-11
0.873469,4.29005e-08,2.87359e-11
0.87551,4.32867e-08,2.90379e-11
0.877551,4.36263e-08,2.9248e-11
0.879592,4.40534e-08,2.95298e-11
0.881633,4.45161e-08,2.9828e-11
0.883673,4.4884e-08,3.00813e-11
0.885714,4.53237e-08,3.03897e-11
0.887755,4.57435e-08,3.06783e-11
0.889796,4.61098e-08,3.09573e-11
0.891837,4.65859e-08,3.12263e-11
0.893878,4.69461e-08,3.15007e-11
0.895918,4.73779e-08,3.17931e-11
0.897959,4.77846e-08,3.20448e-11
0.9,4.82378e-08,3.23665e-11
0.902041,4.86392e-08,3.26433e-11
0.904082,4.90381e-08,3.29071e-11
0.906122,4.95581e-08,3.3268e-11
0.908163,4.99636e-08,3.35238e-11
0.910204,5.02954e-08,3.38004e-11
0.912245,5.08449e-08,3.41438e-11
0.914286,5.12649e-08,3.44133e-11
0.916327,5.167e-08,3.47029e-11
0.918367,5.21126e-08,3.50106e-11
0.920408,5.26542e-08,3.53956e-11
0.922449,5.30483e-08,3.56556e-11
0.92449,5.35196e-08,3.59803e-11
0.926531,5.38803e-08,3.6205e-11
0.928571,5.44107e-08,3.65525e-11
0.930612,5.48242e-08,3.68546e-11
0.932653,5.52875e-08,3.71513e-11
0.934694,5.57732e-08,3.74901e-11
0.936735,5.62284e-08,3.78101e-11
0.938776,5.67142e-08,3.81181e-11
0.940816,5.71133e-08,3.83773e-11
0.942857,5.76219e-08,3.87486e-11
0.944898,5.80247e-08,3.89534e-11
0.946939,5.8528e-08,3.93585e-11
0.94898,5.90412e-08,3.96638e-11
0.95102,5.95401e-08,4.00128e-11
0.953061,6.00716e-08,4.03692e-11
0.955102,6.04192e-08,4.05789e-11
0.957143,6.09049e-08,4.08987e-11
0.959184,6.14091e-08,4.12416e-11
0.961224,6.19187e-08,4.16136e-11
0.963265,6.23722e-08,4.19039e-11
0.965306,6.29022e-08,4.22668e-11
0.967347,6.34268e-08,4.26034e-11
0.969388,6.38645e-08,4.28987e-11
0.971429,6.43619e-08,4.32098e-11
0.973469,6.48958e-08,4.35553e-11
0.97551,6.54033e-08,4.39359e-11
0.977551,6.58839e-08,4.41927e-11
0.979592,6.64253e-08,4.45896e-11
0.981633,6.68752e-08,4.49005e-11
0.983673,6.7422e-08,4.5273e-11
0.985714,6.79006e-08,4.55875e-11
0.987755,6.85219e-08,4.60079e-11
0.989796,6.89709e-08,4.6318e-11
0.991837,6.95464e-08,4.66844e-11
0.993878,7.0037e-08,4.70029e-11
0.995918,7.0515e-08,4.73523e-11
0.997959,7.10159e-08,4.76627e-11
1,7.1601e-08,4.80625e-11
1.08163,9.44868e-08,6.33565e-11
1.16327,1.21005e-07,8.08404e-11
1.2449,1.50991e-07,1.00384e-10
1.32653,1.84726e-07,1.22439e-10
1.40816,2.21687e-07,1.4608e-10
1.4898,2.62456e-07,1.72017e-10
1.57143,3.06322e-07,1.99564e-10
1.65306,3.53506e-07,2.28996e-10
1.73469,4.04273e-07,2.604e-10
1.81633,4.58943e-07,2.94467e-10
1.89796,5.16479e-07,3.29528e-10
1.97959,5.76971e-07,3.66236e-10
2.06122,6.40109e-07,4.04534e-10
2.14286,7.07503e-07,4.44459e-10
2.22449,7.78253e-07,4.86904e-10
2.30612,8.50752e-07,5.29478e-10
2.38776,9.26849e-07,5.73949e-10
2.46939,1.00529e-06,6.21049e-10
2.55102,1.08802e-06,6.69116e-10
2.63265,1.17243e-06,7.17799e-10
2.71429,1.25997e-06,7.69449e-10
2.79592,1.35132e-06,8.22742e-10
2.87755,1.4422e-06,8.74045e-10
2.95918,1.53439e-06,9.26965e-10
3.04082,1.63338e-06,9.82082e-10
3.12245,1.73663e-06,1.04223e-09
3.20408,1.83981e-06,1.10167e-09
3.28571,1.94643e-06,1.16075e-09
3.36735,2.0539e-06,1.22211e-09
3.44898,2.16407e-06,1.28286e-09
3.53061,2.2745e-06,1.3475e-09
3.61224,2.39022e-06,1.40963e-09
3.69388,2.50583e-06,1.47425e-09
3.77551,2.62758e-06,1.54321e-09
3.85714,2.75146e-06,1.61237e-09
3.93878,2.87587e-06,1.68163e-09
4.02041,3.00103e-06,1.74954e-09
4.10204,3.12846e-06,1.82231e-09
4.18367,3.25851e-06,1.89323e-09
4.26531,3.39089e-06,1.966e-09
4.34694,3.52889e-06,2.04175e-09
4.42857,3.66462e-06,2.11614e-09
4.5102,3.80166e-06,2.19178e-09
4.59184,3.94594e-06,2.27045e-09
4.67347,4.08387e-06,2.34615e-09
4.7551,4.23231e-06,2.42767e-09
4.83673,4.37406e-06,2.50719e-09
4.91837,4.52065e-06,2.58796e-09
5,4.67248e-06,2.66943e-09
5.10204,4.86866e-06,2.77039e-09
5.20408,5.05504e-06,2.87591e-09
5.30612,5.2562e-06,2.98602e-09
5.40816,5.45357e-06,3.09145e-09
5.5102,5.64932e-06,3.19709e-09
5.61224,5.85616e-06,3.30715e-09
5.71429,6.05907e-06,3.42244e-09
5.81633,6.27417e-06,3.53815e-09
5.91837,6.48449e-06,3.64418e-09
6.02041,6.69289e-06,3.76165e-09
6.12245,6.91262e-06,3.87423e-09
6.22449,7.13397e-06,3.99482e-09
6.32653,7.36299e-06,4.12092e-09
6.42857,7.57399e-06,4.23801e-09
6.53061,7.8095e-06,4.35725e-09
6.63265,8.033e-06,4.46999e-09
6.73469,8.26113e-06,4.59798e-09
6.83673,8.49839e-06,4.72389e-09
6.93878,8.74022e-06,4.86028e-09
7.04082,8.96879e-06,4.97568e-09
7.14286,9.20809e-06,5.09542e-09
7.2449,9.44842e-06,5.23137e-09
7.34694,9.69445e-06,5.36462e-09
7.44898,9.93077e-06,5.48857e-09
7.55102,1.01853e-05,5.62482e-09
7.65306,1.04263e-05,5.74762e-09
7.7551,1.06921e-05,5.89161e-09
7.85714,1.09523e-05,6.03675e-09
7.95918,1.11994e-05,6.1621e-09
8.06122,1.14632e-05,6.30011e-09
8.16327,1.17254e-05,6.4469e-09
8.26531,1.19817e-05,6.5779e-09
8.36735,1.22443e-05,6.72069e-09
8.46939,1.25082e-05,6.84426e-09
8.57143,1.27842e-05,6.99093e-09
8.67347,1.30424e-05,7.13851e-09
8.77551,1.33189e-05,7.28449e-09
8.87755,1.35816e-05,7.41584e-09
8.97959,1.38627e-05,7.56554e-09
9.08163,1.41525e-05,7.72123e-09
9.18367,1.44094e-05,7.84908e-09
9.28571,1.47142e-05,8.02603e-09
9.38776,1.50064e-05,8.18736e-09
9.4898,1.52719e-05,8.30966e-09
9.59184,1.55531e-05,8.46706e-09
9.69388,1.5859e-05,8.63786e-09
9.79592,1.61445e-05,8.77577e-09
9.89796,1.64147e-05,8.90567e-09
10,1.67209e-05,9.06598e-09
10.2041,1.73116e-05,9.39449e-09
10.4082,1.78951e-05,9.67987e-09
10.6122,1.85158e-05,1.00134e-08
10.8163,1.90972e-05,1.03166e-08
11.0204,1.97363e-05,1.06637e-08
11.2245,2.03349e-05,1.09872e-08
11.4286,2.09805e-05,1.13122e-08
11.6327,2.1584e-05,1.16401e-08
11.8367,2.22352e-05,1.19778e-08
12.0408,2.28635e-05,1.22803e-08
12.2449,2.35361e-05,1.26361e-08
12.449,2.4164e-05,1.29888e-08
12.6531,2.48318e-05,1.33321e-08
12.8571,2.55084e-05,1.36818e-08
13.0612,2.61661e-05,1.40161e-08
13.2653,2.68526e-05,1.43892e-08
13.4694,2.75205e-05,1.47162e-08
13.6735,2.81974e-05,1.51165e-08
13.8776,2.88962e-05,1.54445e-08
14.0816,2.95714e-05,1.57967e-08
14.2857,3.03086e-05,1.6231e-08
14.4898,3.10319e-05,1.65545e-08
14.6939,3.17302e-05,1.69559e-08
14.898,3.24058e-05,1.72777e-08
15.102,3.31211e-05,1.76363e-08
15.3061,3.38882e-05,1.80478e-08
15.5102,3.45678e-05,1.84288e-08
15.7143,3.5306e-05,1.87563e-08
15.9184,3.60612e-05,1.91851e-08
16.1224,3.67549e-05,1.94883e-08
16.3265,3.75369e-05,1.99734e-08
16.5306,3.82941e-05,2.03659e-08
16.7347,3.90334e-05,2.07216e-08
16.9388,3.97781e-05,2.11244e-08
17.1429,4.05609e-05,2.157e-08
17.3469,4.131e-05,2.19747e-08
17.551,4.20791e-05,2.23524e-08
17.7551,4.28535e-05,2.27604e-08
17.9592,4.36694e-05,2.31794e-08
18.1633,4.43923e-05,2.34905e-08
18.3673,4.51794e-05,2.40014e-08
18.5714,4.60209e-05,2.43577e-08
18.7755,4.67361e-05,2.47718e-08
18.9796,4.75802e-05,2.51518e-08
19.1837,4.83823e-05,2.56068e-08
19.3878,4.91994e-05,2.60619e-08
19.5918,4.99487e-05,2.64756e-08
19.7959,5.08004e-05,2.69263e-08
20,5.16624e-05,2.74245e-08
20.4082,5.32307e-05,2.8148e-08
20.8163,5.48164e-05,2.8989e-08
21.2245,5.65848e-05,2.9952e-08
21.6327,5.81853e-05,3.07501e-08
22.0408,5.99285e-05,3.16362e-08
22.449,6.16335e-05,3.26278e-08
22.8571,6.33793e-05,3.34799e-08
23.2653,6.5053e-05,3.42669e-08
23.6735,6.68264e-05,3.5327e-08
24.0816,6.8521e-05,3.61053e-08
24.4898,7.02584e-05,3.70328e-08
24.898,7.20518e-05,3.79562e-08
25.3061,7.38311e-05,3.88487e-08
25.7143,7.56414e-05,3.9846e-08
26.1224,7.74143e-05,4.06882e-08
26.5306,7.92892e-05,4.18485e-08
26.9388,8.1033e-05,4.26499e-08
27.3469,8.28851e-05,4.3581e-08
27.7551,8.47494e-05,4.46028e-08
28.1633,8.66407e-05,4.56105e-08
28.5714,8.85431e-05,4.66551e-08
28.9796,9.04264e-05,4.75357e-08
29.3878,9.21812e-05,4.85375e-08
29.7959,9.40953e-05,4.94311e-08
30.2041,9.60109e-05,5.0466e-08
30.6122,9.7944e-05,5.16732e-08
31.0204,9.99746e-05,5.26824e-08
31.4286,0.0001018,5.35433e-08
31.8367,0.000103739,5.4658e-08
32.2449,0.000105668,5.55029e-08
32.6531,0.000107649,5.66999e-08
33.0612,0.000109593,5.76359e-08
33.4694,0.000111552,5.87276e-08
33.8776,0.00011356,5.98549e-08
34.2857,0.00011563,6.08033e-08
34.6939,0.000117574,6.19255e-08
35.102,0.000119601,6.31148e-08
35.5102,0.000121654,6.41528e-08
35.9184,0.000123589,6.51856e-08
36.3265,0.000125764,6.60883e-08
36.7347,0.00012756,6.71994e-08
37.1429,0.000129731,6.85019e-08
37.551,0.00013188,6.94687e-08
37.9592,0.000133965,7.05724e-08
38.3673,0.000135989,7.14757e-08
38.7755,0.000137914,7.23871e-08
39.1837,0.000140163,7.36391e-08
39.5918,0.000142152,7.48925e-08
40,0.000144152,7.59162e-08
40.4082,0.000146395,7.71274e-08
40.8163,0.000148526,7.81182e-08
41.2245,0.000150707,7.96247e-08
41.6327,0.000152775,8.04173e-08
42.0408,0.000154819,8.16108e-08
42.449,0.000157115,8.27961e-08
42.8571,0.000159252,8.39781e-08
43.2653,0.00016151,8.52472e-08
43.6735,0.000163465,8.59225e-08
44.0816,0.000165713,8.72065e-08
44.4898,0.000167827,8.84829e-08
44.898,0.000169877,8.96815e-08
45.3061,0.0001723,9.07635e-08
45.7143,0.000174519,9.17371e-08
46.1224,0.000176481,9.30863e-08
46.5306,0.000178885,9.43987e-08
46.9388,0.000181095,9.57652e-08
47.3469,0.000183387,9.68712e-08
47.7551,0.000185448,9.77594e-08
48.1633,0.00018766,9.90377e-08
48.5714,0.000189962,1.00188e-07
48.9796,0.000192367,1.0158e-07
49.3878,0.000194478,1.03064e-07
49.7959,0.000196803,1.0362e-07
50.2041,0.000198808,1.04517e-07
50.6122,0.000201237,1.06317e-07
51.0204,0.000203538,1.07476e-07
51.4286,0.000205588,1.08664e-07
51.8367,0.000208031,1.09691e-07
52.2449,0.000210282,1.10627e-07
52.6531,0.000212629,1.12404e-07
53.0612,0.000215193,1.13565e-07
53.4694,0.000217007,1.14793e-07
53.8776,0.000219699,1.16407e-07
54.2857,0.000221837,1.16974e-07
54.6939,0.000223926,1.18593e-07
55.102,0.000226425,1.19806e-07
55.5102,0.000228965,1.21332e-07
55.9184,0.000230988,1.21912e-07
56.3265,0.000233374,1.2304e-07
56.7347,0.000236083,1.24762e-07
57.1429,0.000238035,1.25737e-07
57.551,0.000240594,1.27365e-07
57.9592,0.000242797,1.28539e-07
58.3673,0.000245236,1.2979e-07
58.7755,0.000247459,1.31226e-07
59.1837,0.000249991,1.32459e-07
59.5918,0.00025251,1.3315e-07
60,0.000254713,1.34918e-07
60.4082,0.000257138,1.3709e-07
60.8163,0.00025933,1.3692e-07
61.2245,0.000261754,1.38333e-07
61.6327,0.000264309,1.40221e-07
62.0408,0.000266724,1.41344e-07
62.449,0.000269184,1.42216e-07
62.8571,0.000271388,1.4396e-07
63.2653,0.000274037,1.45475e-07
63.6735,0.00027638,1.46066e-07
64.0816,0.0002787,1.47867e-07
64.4898,0.000281153,1.49131e-07
64.898,0.000283589,1.49983e-07
65.3061,0.000286144,1.51945e-07
65.7143,0.000289011,1.53796e-07
66.1224,0.000290844,1.53474e-07
66.5306,0.000293303,1.56162e-07
66.9388,0.000296303,1.57352e-07
67.3469,0.000298468,1.58078e-07
67.7551,0.000300856,1.58963e-07
68.1633,0.000303408,1.60569e-07
68.5714,0.000306031,1.6232e-07
68.9796,0.000308257,1.63921e-07
69.3878,0.000310891,1.64571e-07
69.7959,0.00031325,1.66604e-07
70.2041,0.000315677,1.67094e-07
70.6122,0.000318134,1.69301e-07
71.0204,0.00032087,1.70853e-07
71.4286,0.000323201,1.71087e-07
71.8367,0.00032599,1.72678e-07
72.2449,0.000328619,1.7498e-07
72.6531,0.00033073,1.75869e-07
73.0612,0.000333115,1.77319e-07
73.4694,0.000335877,1.78648e-07
73.8776,0.000338581,1.80254e-07
74.2857,0.000341239,1.81927e-07
74.6939,0.000343254,1.83178e-07
75.102,0.000346391,1.85124e-07
75.5102,0.000348514,1.85512e-07
75.9184,0.000351276,1.87458e-07
76.3265,0.000353883,1.87608e-07
76.7347,0.000355944,1.89082e-07
77.1429,0.000359064,1.90965e-07
77.551,0.000361502,1.92152e-07
77.9592,0.000363801,1.93334e-07
78.3673,0.000366483,1.95146e-07
78.7755,0.000369111,1.9724e-07
79.1837,0.000371809,1.97539e-07
79.5918,0.00037425,1.98922e-07
80,0.000376928,2.00564e-07
80.4082,0.000379568,2.02529e-07
80.8163,0.000381822,2.02594e-07
81.2245,0.000384658,2.04338e-07
81.6327,0.0003873,2.07364e-07
82.0408,0.000389886,2.07444e-07
82.449,0.000392064,2.09293e-07
82.8571,0.000395153,2.09638e-07
83.2653,0.000397486,2.10722e-07
83.6735,0.000400098,2.12671e-07
84.0816,0.000402865,2.15388e-07
84.4898,0.0004057,2.17141e-07
84.898,0.000408083,2.18058e-07
85.3061,0.000410701,2.20003e-07
85.7143,0.000413239,2.19653e-07
86.1224,0.000416049,2.21021e-07
86.5306,0.000418403,2.23008e-07
86.9388,0.000421323,2.24464e-07
87.3469,0.000423952,2.26309e-07
87.7551,0.000426514,2.27474e-07
88.1633,0.000428808,2.28337e-07
88.5714,0.000432025,2.29994e-07
88.9796,0.000434437,2.32243e-07
89.3878,0.000436901,2.33087e-07
89.7959,0.000440209,2.35812e-07
90.2041,0.000442565,2.35835e-07
90.6122,0.000444851,2.37955e-07
91.0204,0.000447923,2.38325e-07
91.4286,0.000450768,2.42399e-07
91.8367,0.000453255,2.42769e-07
92.2449,0.000456511,2.44022e-07
92.6531,0.000458505,2.44678e-07
93.0612,0.000461656,2.47018e-07
93.4694,0.000463596,2.48287e-07
93.8776,0.000466537,2.50868e-07
94.2857,0.00046888,2.50853e-07
94.6939,0.000472435,2.53591e-07
95.102,0.000475043,2.5364e-07
95.5102,0.000477607,2.5629e-07
95.9184,0.000480457,2.59128e-07
96.3265,0.000483121,2.5795e-07
96.7347,0.000485956,2.61898e-07
97.1429,0.000487843,2.61865e-07
97.551,0.000490923,2.62626e-07
97.9592,0.000494603,2.65633e-07
98.3673,0.000496771,2.67141e-07
98.7755,0.000498936,2.67169e-07
99.1837,0.000502153,2.69567e-07
99.5918,0.000504857,2.72296e-07
100,0.000507585,2.72445e-07
100.816,0.000513202,2.75371e-07
101.633,0.000518434,2.77755e-07
102.449,0.000524146,2.80972e-07
103.265,0.000529843,2.85217e-07
104.082,0.00053526,2.86766e-07
104.898,0.000540448,2.91742e-07
105.714,0.000546579,2.9457e-07
106.531,0.0005516,2.94264e-07
107.347,0.000557212,2.99389e-07
108.163,0.000562507,3.0217e-07
108.98,0.000568346,3.05347e-07
109.796,0.000573691,3.07644e-07
110.612,0.000579944,3.13533e-07
111.429,0.000585441,3.14736e-07
112.245,0.000591174,3.19793e-07
113.061,0.00059662,3.21568e-07
113.878,0.00060226,3.24888e-07
114.694,0.000608176,3.26693e-07
115.51,0.000614185,3.3078e-07
116.327,0.000619612,3.34113e-07
117.143,0.000625281,3.36813e-07
117.959,0.000631121,3.39828e-07
118.776,0.000636414,3.43953e-07
119.592,0.000642393,3.42566e-07
120.408,0.000648164,3.49866e-07
121.224,0.000653182,3.52042e-07
122.041,0.000659894,3.57682e-07
122.857,0.000666029,3.60383e-07
123.673,0.000671278,3.62813e-07
124.49,0.000676596,3.64292e-07
125.306,0.000682996,3.72467e-07
126.122,0.000688233,3.71749e-07
126.939,0.000695015,3.75868e-07
127.755,0.000699864,3.74476e-07
128.571,0.000705714,3.79663e-07
129.388,0.000711903,3.85434e-07
130.204,0.000718545,3.90572e-07
131.02,0.000723417,3.92279e-07
131.837,0.000728995,3.91072e-07
132.653,0.000735753,3.97428e-07
133.469,0.000740852,4.00612e-07
134.286,0.000746633,4.03766e-07
135.102,0.000752937,4.0574e-07
135.918,0.000758082,4.11616e-07
136.735,0.000764367,4.16851e-07
137.551,0.000770805,4.18429e-07
138.367,0.000776012,4.20552e-07
139.184,0.000782557,4.25798e-07
140,0.000787801,4.24379e-07
140.816,0.000794349,4.30594e-07
141.633,0.000800882,4.34168e-07
142.449,0.000807076,4.39839e-07
143.265,0.000812441,4.39678e-07
144.082,0.000818482,4.46232e-07
144.898,0.000824807,4.47228e-07
145.714,0.000829591,4.49052e-07
146.531,0.000835816,4.57104e-07
147.347,0.000842545,4.60664e-07
148.163,0.000848056,4.58354e-07
148.98,0.00085464,4.66997e-07
149.796,0.000860756,4.67699e-07
150.612,0.000866611,4.70531e-07
151.429,0.000872644,4.7441e-07
152.245,0.000879205,4.78247e-07
153.061,0.000884302,4.77981e-07
153.878,0.000890467,4.85096e-07
154.694,0.00089638,4.86026e-07
155.51,0.000902558,4.90223e-07
156.327,0.000910378,4.97486e-07
157.143,0.000915396,4.96941e-07
157.959,0.000922025,5.01817e-07
158.776,0.000927158,5.04076e-07
159.592,0.00093434,5.0995e-07
160.408,0.000939543,5.09935e-07
161.224,0.000945821,5.17283e-07
162.041,0.000952048,5.20312e-07
162.857,0.000958696,5.24392e-07
163.673,0.000964587,5.25162e-07
164.49,0.000971081,5.30268e-07
165.306,0.000976864,5.319e-07
166.122,0.000982306,5.34163e-07
166.939,0.000989677,5.37562e-07
167.755,0.000995123,5.44264e-07
168.571,0.0010024,5.4688e-07
169.388,0.00100892,5.52802e-07
170.204,0.00101473,5.53706e-07
171.02,0.00102067,5.55471e-07
171.837,0.00102674,5.63895e-07
172.653,0.00103365,5.65032e-07
173.469,0.0010383,5.67766e-07
174.286,0.00104593,5.75078e-07
175.102,0.00105112,5.74718e-07
175.918,0.00105835,5.77848e-07
176.735,0.00106329,5.80819e-07
177.551,0.00107039,5.87459e-07
178.367,0.00107635,5.94255e-07
179.184,0.00108253,5.91967e-07
180,0.00109027,5.99993e-07
180.816,0.00109591,6.02063e-07
181.633,0.00110196,6.05689e-07
182.449,0.0011088,6.08037e-07
183.265,0.00111399,6.0543e-07
184.082,0.0011211,6.15429e-07
184.898,0.00112825,6.17563e-07
185.714,0.00113403,6.20256e-07
186.531,0.00114066,6.23887e-07
187.347,0.00114746,6.25805e-07
188.163,0.00115289,6.32854e-07
188.98,0.00115961,6.35176e-07
189.796,0.00116637,6.42902e-07
190.612,0.00117276,6.50033e-07
191.429,0.00117882,6.50284e-07
192.245,0.00118393,6.53284e-07
193.061,0.00119166,6.58395e-07
193.878,0.00119884,6.55765e-07
194.694,0.00120317,6.60926e-07
195.51,0.00121122,6.66466e-07
196.327,0.0012183,6.80097e-07
197.143,0.00122199,6.70419e-07
197.959,0.00123031,6.74598e-07
198.776,0.00123619,6.84729e-07
199.592,0.00124288,6.86505e-07
200.408,0.00124915,6.9451e-07
201.224,0.00125523,6.91678e-07
202.041,0.00126238,6.9748e-07
202.857,0.00126821,6.99242e-07
203.673,0.00127474,7.09294e-07
204.49,0.00128146,7.04872e-07
205.306,0.00128758,7.1175e-07
206.122,0.0012943,7.12087e-07
206.939,0.00130104,7.13908e-07
207.755,0.0013082,7.21505e-07
208.571,0.00131515,7.24233e-07
209.388,0.00131942,7.20589e-07
210.204,0.00132687,7.27814e-07
211.02,0.00133343,7.38667e-07
211.837,0.00133986,7.41842e-07
212.653,0.00134703,7.41756e-07
213.469,0.00135251,7.40527e-07
214.286,0.00136072,7.59981e-07
215.102,0.00136649,7.56494e-07
215.918,0.00137195,7.55222e-07
216.735,0.00137952,7.62427e-07
217.551,0.00138519,7.69572e-07
218.367,0.0013928,7.74014e-07
219.184,0.00139991,7.79046e-07
220,0.00140636,7.80533e-07
221.633,0.00141737,7.81412e-07
223.265,0.001433,7.89691e-07
224.898,0.00144477,7.97458e-07
226.531,0.00145834,8.10897e-07
228.163,0.00147133,8.15131e-07
229.796,0.00148407,8.15574e-07
231.429,0.00150025,8.35094e-07
233.061,0.00151174,8.45829e-07
234.694,0.00152402,8.397e-07
236.327,0.00153767,8.53752e-07
237.959,0.00155191,8.58309e-07
239.592,0.00156658,8.76618e-07
241.224,0.00157929,8.83542e-07
242.857,0.00159143,8.78287e-07
244.49,0.00160493,8.9454e-07
246.122,0.00161821,9.00499e-07
247.755,0.00163262,9.07296e-07
249.388,0.00164767,9.16631e-07
251.02,0.0016601,9.24746e-07
252.653,0.00167325,9.43736e-07
254.286,0.00168776,9.43239e-07
255.918,0.00169963,9.49263e-07
257.551,0.00171406,9.5637e-07
259.184,0.00172762,9.62933e-07
260.816,0.00174076,9.65116e-07
262.449,0.00175526,9.76694e-07
264.082,0.001768,9.78917e-07
265.714,0.00178252,1.00113e-06
267.347,0.00179693,1.01039e-06
268.98,0.00181093,1.01066e-06
270.612,0.00182226,1.01115e-06
272.245,0.00183766,1.02947e-06
273.878,0.00185013,1.02494e-06
275.51,0.0018619,1.02707e-06
277.143,0.00187657,1.04726e-06
278.776,0.00189095,1.05499e-06
280.408,0.00190547,1.06119e-06
282.041,0.00192182,1.08398e-06
283.673,0.00193277,1.08828e-06
285.306,0.00194708,1.0994e-06
286.939,0.0019613,1.09799e-06
288.571,0.00197745,1.10666e-06
290.204,0.00198982,1.11181e-06
291.837,0.00200283,1.11972e-06
293.469,0.0020171,1.12347e-06
295.102,0.00203012,1.13676e-06
296.735,0.00204375,1.13945e-06
298.367,0.00205937,1.15011e-06
300,0.00207484,1.16252e-06
301.633,0.00208622,1.17251e-06
303.265,0.00210147,1.16995e-06
304.898,0.00211581,1.19289e-06
306.531,0.00212866,1.18287e-06
308.163,0.00214333,1.20707e-06
309.796,0.00215679,1.2065e-06
311.429,0.00217131,1.20892e-06
313.061,0.00218705,1.24124e-06
314.694,0.00219965,1.23706e-06
316.327,0.00221254,1.23668e-06
317.959,0.00222752,1.26451e-06
319.592,0.00224287,1.27563e-06
321.224,0.00225876,1.27436e-06
322.857,0.00227213,1.27743e-06
324.49,0.00228494,1.28696e-06
326.122,0.00229845,1.28802e-06
327.755,0.00231538,1.3091e-06
329.388,0.00232984,1.31391e-06
331.02,0.00234475,1.32346e-06
332.653,0.00235557,1.32329e-06
334.286,0.00237156,1.33521e-06
335.918,0.00238414,1.33231e-06
337.551,0.00239953,1.3505e-06
339.184,0.00241681,1.35541e-06
340.816,0.00243074,1.38265e-06
342.449,0.00244096,1.37069e-06
344.082,0.00245863,1.37774e-06
345.714,0.00246977,1.39148e-06
347.347,0.00248706,1.40574e-06
348.98,0.00250128,1.43091e-06
350.612,0.00251253,1.41171e-06
352.245,0.00252761,1.41631e-06
353.878,0.00254466,1.43376e-06
355.51,0.00255773,1.44634e-06
357.143,0.00257405,1.45323e-06
358.776,0.00258779,1.45055e-06
360.408,0.00260277,1.46707e-06
362.041,0.00261706,1.4721e-06
363.673,0.0026291,1.4708e-06
365.306,0.00264814,1.5063e-06
366.939,0.00265999,1.51095e-06
368.571,0.00267533,1.50432e-06
370.204,0.0026903,1.5087e-06
371.837,0.00270669,1.54295e-06
373.469,0.00272105,1.52295e-06
375.102,0.00273268,1.53901e-06
376.735,0.00274569,1.5343e-06
378.367,0.00276248,1.54222e-06
380,0.00277837,1.57853e-06
382.449,0.00279959,1.56894e-06
384.898,0.00282379,1.60188e-06
387.347,0.00284509,1.62064e-06
389.796,0.00286594,1.64049e-06
392.245,0.00288784,1.63902e-06
394.694,0.00291096,1.67655e-06
397.143,0.00293422,1.65846e-06
399.592,0.00295672,1.69463e-06
402.041,0.00297553,1.67344e-06
404.49,0.00300118,1.7378e-06
406.939,0.00302328,1.75432e-06
409.388,0.00304441,1.7267e-06
411.837,0.0030679,1.74547e-06
414.286,0.00309016,1.78103e-06
416.735,0.00311328,1.75661e-06
419.184,0.00313303,1.77629e-06
421.633,0.00315733,1.80764e-06
424.082,0.00317988,1.83539e-06
426.531,0.00320249,1.84784e-06
428.98,0.00322494,1.84629e-06
431.429,0.00324304,1.83879e-06
433.878,0.00327126,1.86396e-06
436.327,0.00329134,1.89164e-06
438.776,0.00331669,1.87526e-06
441.224,0.00333581,1.91192e-06
443.673,0.00335748,1.89077e-06
446.122,0.00338408,1.93192e-06
448.571,0.00340469,1.93899e-06
451.02,0.00342697,1.95085e-06
453.469,0.00345225,1.96563e-06
455.918,0.00347324,1.98285e-06
458.367,0.00349747,1.97681e-06
460.816,0.00351681,2.02604e-06
463.265,0.00354261,2.0225e-06
465.714,0.00356464,2.01357e-06
468.163,0.00358825,2.04319e-06
470.612,0.00360874,2.05702e-06
473.061,0.00363073,2.05088e-06
475.51,0.00365673,2.11744e-06
477.959,0.00368106,2.09928e-06
480.408,0.00370253,2.11112e-06
482.857,0.00372826,2.18485e-06
485.306,0.00374913,2.16563e-06
487.755,0.00377121,2.14242e-06
490.204,0.00379456,2.16885e-06
492.653,0.00382133,2.21756e-06
495.102,0.00384123,2.18525e-06
497.551,0.00386273,2.24652e-06
500,0.00388435,2.22288e-06
502.449,0.00391063,2.2442e-06
504.898,0.0039372,2.27204e-06
507.347,0.00395356,2.24504e-06
509.796,0.0039828,2.31558e-06
512.245,0.00400621,2.282e-06
514.694,0.00402715,2.31415e-06
517.143,0.00405068,2.31794e-06
519.592,0.00407549,2.37215e-06
522.041,0.00409575,2.34731e-06
524.49,0.00411953,2.36423e-06
526.939,0.00414317,2.36749e-06
529.388,0.00416851,2.39576e-06
531.837,0.00418977,2.38422e-06
534.286,0.00421698,2.41563e-06
536.735,0.00423483,2.42735e-06
539.184,0.00426143,2.45578e-06
541.633,0.00428454,2.52004e-06
544.082,0.00430916,2.49661e-06
546.531,0.00433194,2.49968e-06
548.98,0.00435352,2.5127e-06
551.429,0.00438033,2.52688e-06
553.878,0.00439918,2.54753e-06
556.327,0.00442698,2.55742e-06
558.776,0.00444955,2.55132e-06
561.224,0.00447147,2.56509e-06
563.673,0.00449856,2.61847e-06
566.122,0.00451975,2.64925e-06
568.571,0.00454131,2.61206e-06
571.02,0.004565,2.66186e-06
573.469,0.0045882,2.65146e-06
575.918,0.00461368,2.66726e-06
578.367,0.00463934,2.71453e-06
580.816,0.00466303,2.73482e-06
583.265,0.00468788,2.72109e-06
585.714,0.00471411,2.76257e-06
588.163,0.00473388,2.73131e-06
590.612,0.00475634,2.72774e-06
593.061,0.00478244,2.77921e-06
595.51,0.00480643,2.7653e-06
597.959,0.00482956,2.81356e-06
600.408,0.00484898,2.80193e-06
602.857,0.00487939,2.84257e-06
605.306,0.00490227,2.86526e-06
607.755,0.00492741,2.89191e-06
610.204,0.00495443,2.86609e-06
612.653,0.00497038,2.86541e-06
615.102,0.0049965,2.89523e-06
617.551,0.00502019,2.93695e-06
620,0.00504485,2.93757e-06
622.449,0.00507133,2.98458e-06
624.898,0.00509464,2.99598e-06
627.347,0.00512043,2.99364e-06
629.796,0.00514408,2.99472e-06
632.245,0.00516696,2.95899e-06
634.694,0.00519267,3.02252e-06
637.143,0.00521367,3.00221e-06
639.592,0.00523924,3.02937e-06
642.041,0.00526292,3.12622e-06
644.49,0.00528476,3.09614e-06
646.939,0.00531397,3.12339e-06
649.388,0.00534047,3.15566e-06
651.837,0.00535574,3.13451e-06
654.286,0.00538736,3.27574e-06
656.735,0.00540766,3.11335e-06
659.184,0.00543924,3.1669e-06
661.633,0.00545587,3.18572e-06
664.082,0.00548442,3.185e-06
666.531,0.0055048,3.20841e-06
668.98,0.00552656,3.20073e-06
671.429,0.00556052,3.27873e-06
673.878,0.00557428,3.20548e-06
676.327,0.00560314,3.27636e-06
678.776,0.00562685,3.31104e-06
681.224,0.0056485,3.2967e-06
683.673,0.0056777,3.32531e-06
686.122,0.00570975,3.51329e-06
688.571,0.00573037,3.30387e-06
691.02,0.00575108,3.37471e-06
693.469,0.00577856,3.37881e-06
695.918,0.00580373,3.3873e-06
698.367,0.00582706,3.46155e-06
700.816,0.00585246,3.42133e-06
703.265,0.0058721,3.42254e-06
705.714,0.00589739,3.42227e-06
708.163,0.00592716,3.65784e-06
710.612,0.00595241,3.48728e-06
713.061,0.00597524,3.47537e-06
715.51,0.00599363,3.48936e-06
717.959,0.00602347,3.52444e-06
720.408,0.00604644,3.51549e-06
722.857,0.0060689,3.6036e-06
725.306,0.00609889,3.57054e-06
727.755,0.00611953,3.62765e-06
730.204,0.00614787,3.66266e-06
732.653,0.00616956,3.60679e-06
735.102,0.00618779,3.57321e-06
737.551,0.00621819,3.67682e-06
740,0.00624207,3.66947e-06
743.265,0.00628504,3.73076e-06
746.531,0.00630721,3.6619e-06
749.796,0.00634833,3.78899e-06
753.061,0.00638151,3.80406e-06
756.327,0.00641036,3.88845e-06
759.592,0.00644078,3.77637e-06
762.857,0.00647821,3.83115e-06
766.122,0.00650793,3.75703e-06
769.388,0.00654094,3.83196e-06
772.653,0.00657694,3.84607e-06
775.918,0.00660986,3.85739e-06
779.184,0.00664565,3.8787e-06
782.449,0.00668002,3.94832e-06
785.714,0.00671671,3.95187e-06
788.98,0.00674506,3.97673e-06
792.245,0.00678141,3.97716e-06
795.51,0.00681049,3.97537e-06
798.776,0.00683835,4.00733e-06
802.041,0.00687375,4.02336e-06
805.306,0.00690629,4.03411e-06
808.571,0.00694466,4.1536e-06
811.837,0.00697832,4.09969e-06
815.102,0.00701348,4.089e-06
818.367,0.00704356,4.24811e-06
821.633,0.00707764,4.19446e-06
824.898,0.00712067,4.22171e-06
828.163,0.007147,4.23815e-06
831.429,0.00718517,4.26269e-06
834.694,0.00721503,4.22426e-06
837.959,0.00725634,4.45516e-06
841.224,0.00728764,4.28304e-06
844.49,0.00731218,4.28725e-06
847.755,0.00734422,4.40313e-06
851.02,0.00738366,4.35789e-06
854.286,0.00742924,4.47784e-06
857.551,0.00744884,4.41748e-06
860.816,0.00748677,4.46966e-06
864.082,0.00752209,4.42221e-06
867.347,0.00754425,4.42923e-06
870.612,0.00757842,4.49828e-06
873.878,0.00761943,4.436e-06
877.143,0.00765592,4.56396e-06
880.408,0.00768748,4.53188e-06
883.673,0.00772203,4.55209e-06
886.939,0.00775733,4.62198e-06
890.204,0.00779447,4.62241e-06
893.469,0.00782353,4.68296e-06
896.735,0.00785944,4.64536e-06
900,0.00789686,4.73937e-06
903.265,0.00792935,4.79306e-06
906.531,0.00796642,4.70964e-06
909.796,0.00799816,4.73399e-06
913.061,0.0080382,4.82772e-06
916.327,0.00806395,4.71235e-06
919.592,0.00809009,5.08844e-06
922.857,0.00813517,4.94586e-06
926.122,0.00816367,4.8201e-06
929.388,0.00820351,4.91671e-06
932.653,0.0082317,4.89904e-06
935.918,0.00827577,4.84078e-06
939.184,0.00829711,4.87916e-06
942.449,0.00834891,5.09429e-06
945.714,0.00837012,4.90999e-06
948.98,0.00840084,4.99994e-06
952.245,0.00844538,4.98358e-06
955.51,0.00847925,5.06212e-06
958.776,0.00851977,5.0735e-06
962.041,0.00855149,5.16686e-06
965.306,0.0085737,5.19867e-06
968.571,0.00862259,5.1678e-06
971.837,0.00864261,5.15549e-06
975.102,0.0086757,5.09044e-06
978.367,0.00871837,5.10537e-06
981.633,0.00875487,5.20522e-06
984.898,0.00879771,5.23833e-06
988.163,0.00883016,5.29265e-06
991.429,0.00886185,5.30646e-06
994.694,0.00889523,5.2809e-06
997.959,0.00892665,5.38008e-06
1001.22,0.00896007,5.29813e-06
1004.49,0.00899403,5.27558e-06
1007.76,0.00903251,5.38859e-06
1011.02,0.00906183,5.36373e-06
1014.29,0.00909827,5.45589e-06
1017.55,0.00913534,5.48937e-06
1020.82,0.00917674,5.55918e-06
1024.08,0.00919828,5.4853e-06
1027.35,0.00924018,5.6296e-06
1030.61,0.00927086,5.55615e-06
1033.88,0.00930944,5.74387e-06
1037.14,0.0093386,5.45074e-06
1040.41,0.00937774,5.53542e-06
1043.67,0.00941106,5.56096e-06
1046.94,0.00945547,5.66861e-06
1050.2,0.00947815,5.63465e-06
1053.47,0.00951763,5.63017e-06
1056.73,0.00956815,5.75141e-06
1060,0.00959244,5.77323e-06
1064.9,0.00964269,5.79057e-06
1069.8,0.0096893,5.70726e-06
1074.69,0.00975567,5.81039e-06
1079.59,0.00980595,5.90425e-06
1084.49,0.00984476,5.81713e-06
1089.39,0.00990364,6.00165e-06
1094.29,0.00995909,6.01283e-06
1099.18,0.0100114,6.02033e-06
1104.08,0.0100605,6.12011e-06
1108.98,0.01013,6.09789e-06
1113.88,0.010174,6.18876e-06
1118.78,0.0102106,6.11464e-06
1123.67,0.010268,6.20875e-06
1128.57,0.0103313,6.16479e-06
1133.47,0.01038,6.25381e-06
1138.37,0.0104302,6.28915e-06
1143.27,0.0104949,6.27518e-06
1148.16,0.0105433,6.29266e-06
1153.06,0.0105923,6.4099e-06
1157.96,0.0106452,6.33782e-06
1162.86,0.0107115,6.58798e-06
1167.76,0.0107536,6.50885e-06
1172.65,0.0108154,6.78472e-06
1177.55,0.0108601,6.46815e-06
1182.45,0.010913,6.49438e-06
1187.35,0.0109708,6.57684e-06
1192.24,0.0110268,6.5292e-06
1197.14,0.011075,6.64934e-06
1202.04,0.0111351,6.7106e-06
1206.94,0.0111831,6.75276e-06
1211.84,0.01123,6.67235e-06
1216.73,0.0112921,6.92587e-06
1221.63,0.0113491,6.7461e-06
1226.53,0.0113917,6.94699e-06
1231.43,0.0114616,6.93527e-06
1236.33,0.0115242,7.22043e-06
1241.22,0.011551,6.93766e-06
1246.12,0.0116133,6.95253e-06
1251.02,0.0116781,7.02677e-06
1255.92,0.0117228,6.93587e-06
1260.82,0.0117716,7.02593e-06
1265.71,0.0118382,7.20076e-06
1270.61,0.0118853,7.15821e-06
1275.51,0.0119381,7.03167e-06
1280.41,0.0119923,7.36263e-06
1285.31,0.0120476,7.26333e-06
1290.2,0.0121043,7.34267e-06
1295.1,0.0121585,7.41802e-06
1300,0.012204,7.25355e-06
1304.9,0.0122779,7.43566e-06
1309.8,0.0123183,7.43651e-06
1314.69,0.0123745,7.3905e-06
1319.59,0.0124238,7.6274e-06
1324.49,0.012485,7.49391e-06
1329.39,0.0125472,7.5456e-06
1334.29,0.0125788,7.63664e-06
1339.18,0.0126423,7.61195e-06
1344.08,0.01272,7.78827e-06
1348.98,0.0127496,7.63029e-06
1353.88,0.0128036,7.74525e-06
1358.78,0.0128738,7.89946e-06
1363.67,0.0129139,7.59439e-06
1368.57,0.0129758,7.74352e-06
1373.47,0.0130208,7.77906e-06
1378.37,0.0130669,7.95489e-06
1383.27,0.0131424,8.05791e-06
1388.16,0.0131919,8.16822e-06
1393.06,0.013241,7.90722e-06
1397.96,0.0133246,8.01678e-06
1402.86,0.0133679,7.99378e-06
1407.76,0.01341,8.16725e-06
1412.65,0.0134642,8.02663e-06
1417.55,0.0135253,8.28626e-06
1422.45,0.0135758,8.32849e-06
1427.35,0.0136385,8.74228e-06
1432.24,0.0136857,8.32463e-06
1437.14,0.0137515,8.40428e-06
1442.04,0.0138098,8.59144e-06
1446.94,0.0138418,8.3414e-06
1451.84,0.0139046,8.41528e-06
1456.73,0.0139579,8.51733e-06
1461.63,0.0140353,8.93181e-06
1466.53,0.0140766,8.54672e-06
1471.43,0.0141282,8.49354e-06
1476.33,0.0141867,8.83066e-06
1481.22,0.0142459,8.53628e-06
1486.12,0.0142871,8.6403e-06
1491.02,0.0143591,8.82048e-06
1495.92,0.0144042,8.81922e-06
1500.82,0.0144568,8.70403e-06
1505.71,0.0145336,8.83536e-06
1510.61,0.0145706,8.81387e-06
1515.51,0.0146273,8.98383e-06
1520.41,0.0146865,8.89393e-06
1525.31,0.0147613,9.01317e-06
1530.2,0.0148062,9.36581e-06
1535.1,0.0148483,9.05381e-06
1540,0.0149003,9.05354e-06
1547.35,0.0149864,9.12225e-06
1554.69,0.0150888,9.12469e-06
1562.04,0.0151647,9.39907e-06
1569.39,0.0152525,9.18805e-06
1576.73,0.0153346,9.21527e-06
1584.08,0.0153907,9.24582e-06
1591.43,0.015482,9.324e-06
1598.78,0.0155823,9.3027e-06
1606.12,0.015659,9.43806e-06
1613.47,0.015752,9.57502e-06
1620.82,0.0158294,9.7166e-06
1628.16,0.0159155,9.65093e-06
1635.51,0.0159947,9.72246e-06
1642.86,0.0160746,1.0004e-05
1650.2,0.0161707,9.87661e-06
1657.55,0.0162478,1.00341e-05
1664.9,0.0163501,1.0193e-05
1672.24,0.0164136,9.98444e-06
1679.59,0.0164931,1.00621e-05
1686.94,0.0165926,1.03511e-05
1694.29,0.0166771,1.00591e-05
1701.63,0.0167636,1.02975e-05
1708.98,0.0168338,1.01527e-05
1716.33,0.0169309,1.05402e-05
1723.67,0.0169971,1.04326e-05
1731.02,0.0170899,1.03234e-05
1738.37,0.0171862,1.05304e-05
1745.71,0.0172667,1.05745e-05
1753.06,0.0173469,1.0522e-05
1760.41,0.0174597,1.08274e-05
1767.76,0.0175155,1.06875e-05
1775.1,0.0175992,1.07234e-05
1782.45,0.0176854,1.06963e-05
1789.8,0.0177803,1.09818e-05
1797.14,0.017856,1.08599e-05
1804.49,0.0179453,1.07959e-05
1811.84,0.0180355,1.09117e-05
1819.18,0.0181388,1.11818e-05
1826.53,0.0182131,1.10933e-05
1833.88,0.0183045,1.1192e-05
1841.22,0.0183752,1.12072e-05
1848.57,0.0184641,1.15509e-05
1855.92,0.0185602,1.21231e-05
1863.27,0.018628,1.11991e-05
1870.61,0.0187192,1.13917e-05
1877.96,0.0188155,1.18222e-05
1885.31,0.0188869,1.15827e-05
1892.65,0.0189929,1.16745e-05
1900,0.0190864,1.17612e-05
1907.35,0.0191683,1.19156e-05
1914.69,0.0192455,1.18041e-05
1922.04,0.0193309,1.18824e-05
1929.39,0.0194478,1.22388e-05
1936.73,0.0194889,1.1987e-05
1944.08,0.0195696,1.20049e-05
1951.43,0.0196603,1.1963e-05
1958.78,0.0197596,1.22135e-05
1966.12,0.0198381,1.22667e-05
1973.47,0.019931,1.21058e-05
1980.82,0.0200365,1.25225e-05
1988.16,0.0201258,1.24184e-05
1995.51,0.0202071,1.25488e-05
2002.86,0.0202937,1.2777e-05
2010.2,0.0203779,1.26533e-05
2017.55,0.0204556,1.25883e-05
2024.9,0.0205409,1.25328e-05
2032.24,0.0206097,1.26587e-05
2039.59,0.0207161,1.31314e-05
2046.94,0.0207791,1.25518e-05
2054.29,0.0208814,1.28657e-05
2061.63,0.0209814,1.30815e-05
2068.98,0.021067,1.29329e-05
2076.33,0.0211564,1.29965e-05
2083.67,0.0212431,1.3322e-05
2091.02,0.0213209,1.30249e-05
2098.37,0.0214107,1.30626e-05
2105.71,0.0215055,1.30915e-05
2113.06,0.0215759,1.34054e-05
2120.41,0.0216538,1.36935e-05
2127.76,0.021765,1.36551e-05
2135.1,0.0218354,1.34516e-05
2142.45,0.0219122,1.35472e-05
2149.8,0.0220182,1.35457e-05
2157.14,0.0220963,1.38435e-05
2164.49,0.0222029,1.38333e-05
2171.84,0.0222864,1.3838e-05
2179.18,0.0223733,1.38824e-05
2186.53,0.022451,1.40036e-05
2193.88,0.0225687,1.43622e-05
2201.22,0.0226188,1.41177e-05
2208.57,0.0227349,1.48915e-05
2215.92,0.0228024,1.4311e-05
2223.27,0.0228932,1.44604e-05
2230.61,0.0230023,1.42571e-05
2237.96,0.0230843,1.43891e-05
2245.31,0.0231754,1.60408e-05
2252.65,0.0232567,1.43829e-05
2260,0.0233431,1.48213e-05
2271.02,0.0234832,1.49414e-05
2282.04,0.023598,1.4785e-05
2293.06,0.0237296,1.45533e-05
2304.08,0.0238793,1.52318e-05
2315.1,0.0239988,1.74351e-05
2326.12,0.0241537,1.49581e-05
2337.14,0.0242842,1.51957e-05
2348.16,0.0243769,1.49561e-05
2359.18,0.0245088,1.54272e-05
2370.2,0.024677,1.52568e-05
2381.22,0.0247777,1.56148e-05
2392.24,0.0249581,1.57623e-05
2403.27,0.025104,1.57558e-05
2414.29,0.0251974,1.56325e-05
2425.31,0.02534,1.60658e-05
2436.33,0.025479,1.60989e-05
2447.35,0.0255878,1.57785e-05
2458.37,0.0257241,1.59579e-05
2469.39,0.0259043,1.60907e-05
2480.41,0.0260287,1.60751e-05
2491.43,0.0261654,1.61631e-05
2502.45,0.0262829,1.61666e-05
2513.47,0.0264172,1.69298e-05
2524.49,0.026532,1.65413e-05
2535.51,0.0266759,1.6485e-05
2546.53,0.0268184,1.67874e-05
2557.55,0.0269763,1.69722e-05
2568.57,0.0270832,1.71627e-05
2579.59,0.0272037,1.70554e-05
2590.61,0.0273234,1.70303e-05
2601.63,0.0274803,1.69395e-05
2612.65,0.0276354,1.72511e-05
2623.67,0.0277633,1.71719e-05
2634.69,0.0279177,1.74814e-05
2645.71,0.0280175,1.78227e-05
2656.73,0.0281373,1.78123e-05
2667.76,0.0282994,1.83573e-05
2678.78,0.028436,1.81571e-05
2689.8,0.0285539,1.81751e-05
2700.82,0.0287212,1.82784e-05
2711.84,0.0288607,1.9025e-05
2722.86,0.029019,2.06495e-05
2733.88,0.0291198,1.84591e-05
2744.9,0.029238,1.85906e-05
2755.92,0.0293846,1.82652e-05
2766.94,0.029549,1.84461e-05
2777.96,0.0296541,1.84738e-05
2788.98,0.0297803,1.86851e-05
2800,0.0299264,1.88617e-05
2814.29,0.0301287,1.89112e-05
2828.57,0.0302968,1.87813e-05
2842.86,0.030467,1.93811e-05
2857.14,0.0306516,1.96219e-05
2871.43,0.0308184,1.93741e-05
2885.71,0.0309766,1.91648e-05
2900,0.0311324,1.93953e-05
2914.29,0.0313729,2.09666e-05
2928.57,0.0315402,2.08831e-05
2942.86,0.0317121,2.02272e-05
2957.14,0.0318937,2.09107e-05
2971.43,0.0320733,2.07532e-05
2985.71,0.032278,2.0503e-05
3000,0.0324281,2.11224e-05
3014.29,0.0325858,2.07581e-05
3028.57,0.0327876,2.05861e-05
3042.86,0.0329599,2.03125e-05
3057.14,0.0331245,2.04461e-05
3071.43,0.0332699,2.08405e-05
3085.71,0.0334962,2.07782e-05
3100,0.0336793,2.11682e-05
3114.29,0.0338127,2.11909e-05
3128.57,0.0340155,2.21856e-05
3142.86,0.03423,2.19716e-05
3157.14,0.0343858,2.14476e-05
3171.43,0.0345663,2.33872e-05
3185.71,0.0347576,2.38348e-05
3200,0.0349388,2.1796e-05
3214.29,0.0351067,2.21461e-05
3228.57,0.0352952,2.24432e-05
3242.86,0.0354682,2.23284e-05
3257.14,0.0356557,2.2543e-05
3271.43,0.0358259,2.28807e-05
3285.71,0.0360907,2.32325e-05
3300,0.0361849,2.29789e-05
3314.29,0.0363913,2.33342e-05
3328.57,0.0365541,2.42387e-05
3342.86,0.0367437,2.3285e-05
3357.14,0.0369367,2.41866e-05
3371.43,0.0370944,2.35953e-05
3385.71,0.0372925,2.39142e-05
3400,0.0374523,2.43223e-05
3414.29,0.0376405,2.36574e-05
3428.57,0.0378163,2.36189e-05
3442.86,0.0380252,2.42989e-05
3457.14,0.0381594,2.44866e-05
3471.43,0.0383092,2.37447e-05
3485.71,0.0385347,2.46666e-05
3500,0.0387443,2.60118e-05
3520.41,0.0389947,2.5e-05
3540.82,0.0392175,2.49616e-05
3561.22,0.0395289,2.55789e-05
3581.63,0.0397503,2.48241e-05
3602.04,0.0400004,2.48475e-05
3622.45,0.0403121,2.56881e-05
3642.86,0.0405836,2.61883e-05
3663.27,0.0408289,2.55306e-05
3683.67,0.0410899,2.7863e-05
3704.08,0.0413315,2.63784e-05
3724.49,0.0416078,2.62287e-05
3744.9,0.0418998,2.67812e-05
3765.31,0.0421374,2.63841e-05
3785.71,0.042444,2.7052e-05
3806.12,0.0426089,2.67095e-05
3826.53,0.0429897,2.90094e-05
3846.94,0.043164,2.79435e-05
3867.35,0.0433951,2.77856e-05
3887.76,0.0436994,2.77387e-05
3908.16,0.0440319,2.8966e-05
3928.57,0.0443054,2.95453e-05
3948.98,0.0444939,2.79142e-05
3969.39,0.0447799,2.90245e-05
3989.8,0.0450564,2.86843e-05
4010.2,0.0453084,2.8747e-05
4030.61,0.0455806,2.9289e-05
4051.02,0.0458174,2.95454e-05
4071.43,0.0461366,2.89659e-05
4091.84,0.0463515,2.95097e-05
4112.24,0.046653,3.16798e-05
4132.65,0.0468945,2.98628e-05
4153.06,0.0471939,3.05273e-05
4173.47,0.0474299,3.01857e-05
4193.88,0.0476903,3.12407e-05
4214.29,0.0479329,3.03629e-05
4234.69,0.0482213,3.22767e-05
4255.1,0.0485149,3.23092e-05
4275.51,0.0487659,3.12871e-05
4295.92,0.0490192,3.10153e-05
4316.33,0.0493271,3.12021e-05
4336.73,0.0495634,3.12797e-05
4357.14,0.0498438,3.17488e-05
4377.55,0.0501106,3.17546e-05
4397.96,0.0503928,3.35878e-05
4418.37,0.0506203,3.26339e-05
4438.78,0.0509325,3.28479e-05
4459.18,0.0511906,3.42994e-05
4479.59,0.0514979,3.3135e-05
4500,0.0517411,3.41473e-05
4530.61,0.052134,3.3505e-05
4561.22,0.0525676,3.49919e-05
4591.84,0.0529786,3.46095e-05
4622.45,0.053323,3.42882e-05
4653.06,0.0538049,3.57796e-05
4683.67,0.0541751,3.5647e-05
4714.29,0.0545237,3.89084e-05
4744.9,0.0549433,3.62634e-05
4775.51,0.0553967,3.52545e-05
4806.12,0.0557675,3.60661e-05
4836.73,0.0561771,3.64388e-05
4867.35,0.0566178,3.68996e-05
4897.96,0.056908,3.58365e-05
4928.57,0.0574066,4.04094e-05
4959.18,0.0578196,3.77198e-05
4989.8,0.0582492,3.74624e-05
5020.41,0.0585988,3.82744e-05
5051.02,0.0590703,3.75929e-05
5081.63,0.0593786,3.83898e-05
5112.24,0.0598858,4.00263e-05
5142.86,0.0602246,3.95124e-05
5173.47,0.0607056,4.0262e-05
5204.08,0.0611053,4.108e-05
5234.69,0.0615414,3.98568e-05
5265.31,0.0619212,4.44318e-05
5295.92,0.0624079,4.07836e-05
5326.53,0.0626839,4.16907e-05
5357.14,0.0631504,4.17745e-05
5387.76,0.0635743,4.3156e-05
5418.37,0.0639463,4.31266e-05
5448.98,0.0643618,4.07358e-05
5479.59,0.0647717,4.28489e-05
5510.2,0.065219,4.25876e-05
5540.82,0.0655921,4.61881e-05
5571.43,0.0660261,4.51176e-05
5602.04,0.0664562,4.44075e-05
5632.65,0.0668669,4.48181e-05
5663.27,0.0672156,4.33763e-05
5693.88,0.0677394,4.65903e-05
5724.49,0.0681763,4.62895e-05
5755.1,0.0686397,4.64116e-05
5785.71,0.068953,4.63413e-05
5816.33,0.0694256,4.50213e-05
5846.94,0.0698395,4.55715e-05
5877.55,0.0702985,4.88039e-05
5908.16,0.0706831,4.5859e-05
5938.78,0.0710517,4.57097e-05
5969.39,0.0714394,4.62065e-05
6000,0.0718406,4.75197e-05
6040.82,0.0723948,4.78919e-05
6081.63,0.0730153,4.82142e-05
6122.45,0.0735598,4.92733e-05
6163.27,0.0740752,4.75379e-05
6204.08,0.0746138,4.81895e-05
6244.9,0.0752382,4.95408e-05
6285.71,0.0758318,4.93869e-05
6326.53,0.0763319,5.11814e-05
6367.35,0.0768607,4.97941e-05
6408.16,0.0775515,5.13956e-05
6448.98,0.0780794,5.22733e-05
6489.8,0.0785292,5.12217e-05
6530.61,0.0791587,5.30106e-05
6571.43,0.0797353,5.31332e-05
6612.24,0.0802271,5.33634e-05
6653.06,0.080959,5.2283e-05
6693.88,0.0814108,5.26835e-05
6734.69,0.0820515,5.45024e-05
6775.51,0.0825451,5.30011e-05
6816.33,0.0831278,5.76441e-05
6857.14,0.083655,6.02039e-05
6897.96,0.0842263,5.40944e-05
6938.78,0.0847947,5.69511e-05
6979.59,0.0854332,5.68223e-05
7020.41,0.0859766,5.77276e-05
7061.22,0.0865929,5.67715e-05
7102.04,0.0870179,5.64555e-05
7142.86,0.0876312,5.78382e-05
7183.67,0.0882012,5.76355e-05
7224.49,0.0887991,5.88443e-05
7265.31,0.0892981,6.00424e-05
7306.12,0.089953,6.04421e-05
7346.94,0.0905367,6.0926e-05
7387.76,0.0910468,5.89054e-05
7428.57,0.0917058,5.9873e-05
7469.39,0.0922407,5.95655e-05
7510.2,0.0927972,6.27903e-05
7551.02,0.0933558,6.10506e-05
7591.84,0.0939781,6.25459e-05
7632.65,0.0945767,6.29322e-05
7673.47,0.0950806,6.22806e-05
7714.29,0.0956694,6.31734e-05
7755.1,0.0961987,6.29443e-05
7795.92,0.0967707,6.4233e-05
7836.73,0.0973853,6.26371e-05
7877.55,0.0980316,6.61795e-05
7918.37,0.0985208,6.54802e-05
7959.18,0.0991851,6.92785e-05
8000,0.099741,6.52397e-05
8040.82,0.10039,8.12367e-05
8081.63,0.100991,6.80317e-05
8122.45,0.101431,6.75085e-05
8163.27,0.102025,6.61566e-05
8204.08,0.1027,6.74135e-05
8244.9,0.103079,6.6311e-05
8285.71,0.1037,6.98127e-05
8326.53,0.104399,6.96939e-05
8367.35,0.10487,6.85558e-05
8408.16,0.105512,7.07742e-05
8448.98,0.10606,7.00755e-05
8489.8,0.106719,6.935e-05
8530.61,0.107157,7.13735e-05
8571.43,0.108037,7.57981e-05
8612.24,0.108359,7.19482e-05
8653.06,0.109006,7.52874e-05
8693.88,0.109633,7.42883e-05
8734.69,0.110295,7.47787e-05
8775.51,0.110638,7.25556e-05
8816.33,0.111435,7.37247e-05
8857.14,0.111797,7.39925e-05
8897.96,0.112331,7.46952e-05
8938.78,0.113125,8.31049e-05
8979.59,0.113672,7.70372e-05
9020.41,0.114316,7.985e-05
9061.22,0.114861,7.83293e-05
9102.04,0.115503,7.64361e-05
9142.86,0.116035,7.79007e-05
9183.67,0.116543,7.88674e-05
9224.49,0.117169,7.78675e-05
9265.31,0.117859,8.55795e-05
9306.12,0.118337,7.97357e-05
9346.94,0.118958,7.76509e-05
9387.76,0.119742,8.13229e-05
9428.57,0.120336,0.000123477
9469.39,0.120882,8.17543e-05
9510.2,0.121288,8.12194e-05
9551.02,0.121925,8.13129e-05
9591.84,0.12255,8.15393e-05
9632.65,0.123115,8.7101e-05
9673.47,0.12367,8.34712e-05
9714.29,0.124283,8.35661e-05
9755.1,0.124853,8.43659e-05
9795.92,0.125551,9.93933e-05
9836.73,0.126082,8.26544e-05
9877.55,0.126688,8.54238e-05
9918.37,0.127301,8.78672e-05
9959.18,0.127758,8.49067e-05
10000,0.128231,8.5698e-05
