1,0,0
1.08163,0,0
1.16327,0,0
1.2449,0,0
1.32653,0,0
1.40816,0,0
1.4898,0,0
1.57143,0,0
1.65306,0,0
1.73469,0,0
1.81633,0,0
1.89796,0,0
1.97959,0,0
2.06122,0,0
2.14286,0,0
2.22449,0,0
2.30612,0,0
2.38776,0,0
2.46939,0,0
2.55102,0,0
2.63265,0,0
2.71429,0,0
2.79592,0,0
2.87755,0,0
2.95918,0,0
3.04082,0,0
3.12245,0,0
3.20408,0,0
3.28571,0,0
3.36735,0,0
3.44898,0,0
3.53061,0,0
3.61224,0,0
3.69388,0,0
3.77551,0,0
3.85714,0,0
3.93878,0,0
4.02041,0,0
4.10204,0,0
4.18367,0,0
4.26531,0,0
4.34694,0,0
4.42857,0,0
4.5102,0,0
4.59184,0,0
4.67347,0,0
4.7551,0,0
4.83673,0,0
4.91837,4.92886e-32,5.85431e-35
5,2.43263e-29,3.39418e-32
5.10204,1.31919e-27,1.54998e-30
5.20408,1.61092e-26,1.32234e-29
5.30612,9.19601e-26,7.81015e-29
5.40816,3.38074e-25,5.11841e-28
5.5102,9.76776e-25,2.0137e-27
5.61224,2.56847e-24,5.01586e-27
5.71429,6.43671e-24,1.00266e-26
5.81633,1.509e-23,2.75175e-26
5.91837,3.28543e-23,8.10008e-26
6.02041,6.60206e-23,1.9094e-25
6.12245,1.28216e-22,3.61264e-25
6.22449,2.46e-22,5.73786e-25
6.32653,4.66759e-22,8.86118e-25
6.42857,8.68806e-22,1.71174e-24
6.53061,1.55365e-21,3.7711e-24
6.63265,2.65416e-21,7.55262e-24
6.73469,4.4365e-21,1.3523e-23
6.83673,7.30481e-21,2.23477e-23
6.93878,1.17465e-20,3.17202e-23
7.04082,1.89704e-20,4.32933e-23
7.14286,3.04711e-20,5.92547e-23
7.2449,4.79874e-20,8.87371e-23
7.34694,7.48346e-20,1.53106e-22
7.44898,1.14007e-19,2.64281e-22
7.55102,1.7069e-19,4.57432e-22
7.65306,2.49266e-19,7.10445e-22
7.7551,3.56933e-19,1.03733e-21
7.85714,5.11641e-19,1.46843e-21
7.95918,7.25399e-19,1.96727e-21
8.06122,1.02998e-18,2.51795e-21
8.16327,1.45757e-18,3.13792e-21
8.26531,2.04135e-18,3.88854e-21
8.36735,2.83933e-18,4.8266e-21
8.46939,3.94772e-18,6.83791e-21
8.57143,5.42834e-18,1.00956e-20
8.67347,7.3517e-18,1.488e-20
8.77551,9.87986e-18,2.1642e-20
8.87755,1.31313e-17,3.19639e-20
8.97959,1.72446e-17,4.46576e-20
9.08163,2.24254e-17,6.00364e-20
9.18367,2.91493e-17,7.98883e-20
9.28571,3.73898e-17,1.0416e-19
9.38776,4.77502e-17,1.27549e-19
9.4898,6.09481e-17,1.56578e-19
9.59184,7.75727e-17,1.88416e-19
9.69388,9.83247e-17,2.17778e-19
9.79592,1.24567e-16,2.56254e-19
9.89796,1.58269e-16,2.99898e-19
10,1.99447e-16,3.39806e-19
10.2041,3.13892e-16,4.88075e-19
10.4082,4.8637e-16,7.93309e-19
10.6122,7.35761e-16,1.35319e-18
10.8163,1.0933e-15,2.24996e-18
11.0204,1.59547e-15,3.59155e-18
11.2245,2.2697e-15,5.45487e-18
11.4286,3.20371e-15,7.97148e-18
11.6327,4.45796e-15,1.11261e-17
11.8367,6.13693e-15,1.48051e-17
12.0408,8.41539e-15,1.90738e-17
12.2449,1.14647e-14,2.37599e-17
12.449,1.54947e-14,2.89605e-17
12.6531,2.10258e-14,3.52973e-17
12.8571,2.82755e-14,4.31128e-17
13.0612,3.77198e-14,5.2918e-17
13.2653,5.01149e-14,7.04615e-17
13.4694,6.55703e-14,9.04193e-17
13.6735,8.53233e-14,1.28505e-16
13.8776,1.10671e-13,1.74375e-16
14.0816,1.40899e-13,2.41785e-16
14.2857,1.7888e-13,3.20915e-16
14.4898,2.24121e-13,4.29617e-16
14.6939,2.79736e-13,5.55718e-16
14.898,3.47764e-13,7.22516e-16
15.102,4.26974e-13,9.08243e-16
15.3061,5.2259e-13,1.1296e-15
15.5102,6.37668e-13,1.39502e-15
15.7143,7.71959e-13,1.68123e-15
15.9184,9.28069e-13,1.99776e-15
16.1224,1.11791e-12,2.33439e-15
16.3265,1.35085e-12,2.76192e-15
16.5306,1.61077e-12,3.19726e-15
16.7347,1.93081e-12,3.67085e-15
16.9388,2.29827e-12,4.15583e-15
17.1429,2.73253e-12,4.66916e-15
17.3469,3.26015e-12,5.27311e-15
17.551,3.86623e-12,5.88856e-15
17.7551,4.59259e-12,6.54856e-15
17.9592,5.41248e-12,7.28792e-15
18.1633,6.39447e-12,8.1844e-15
18.3673,7.52986e-12,9.08672e-15
18.5714,8.79645e-12,1.02211e-14
18.7755,1.0314e-11,1.17082e-14
18.9796,1.2048e-11,1.33818e-14
19.1837,1.39721e-11,1.54606e-14
19.3878,1.62137e-11,1.80727e-14
19.5918,1.87052e-11,2.09704e-14
19.7959,2.15188e-11,2.47976e-14
20,2.46893e-11,2.90195e-14
20.4082,3.23251e-11,4.02348e-14
20.8163,4.14683e-11,5.48572e-14
21.2245,5.28725e-11,7.42654e-14
21.6327,6.64386e-11,9.81795e-14
22.0408,8.33473e-11,1.28833e-13
22.449,1.03135e-10,1.66443e-13
22.8571,1.2612e-10,2.09564e-13
23.2653,1.54018e-10,2.62735e-13
23.6735,1.86106e-10,3.24219e-13
24.0816,2.25449e-10,3.98247e-13
24.4898,2.69523e-10,4.77655e-13
24.898,3.21845e-10,5.72163e-13
25.3061,3.8399e-10,6.74472e-13
25.7143,4.54621e-10,7.85571e-13
26.1224,5.39659e-10,9.15315e-13
26.5306,6.36667e-10,1.04901e-12
26.9388,7.52914e-10,1.20255e-12
27.3469,8.82356e-10,1.35998e-12
27.7551,1.03885e-09,1.53654e-12
28.1633,1.21529e-09,1.72103e-12
28.5714,1.42171e-09,1.91739e-12
28.9796,1.65811e-09,2.12438e-12
29.3878,1.93654e-09,2.3597e-12
29.7959,2.24773e-09,2.59623e-12
30.2041,2.6053e-09,2.8513e-12
30.6122,2.99863e-09,3.09257e-12
31.0204,3.45759e-09,3.37966e-12
31.4286,3.97293e-09,3.67997e-12
31.8367,4.55175e-09,4.01282e-12
32.2449,5.20657e-09,4.38877e-12
32.6531,5.92465e-09,4.77727e-12
33.0612,6.73981e-09,5.22369e-12
33.4694,7.63764e-09,5.72649e-12
33.8776,8.63732e-09,6.28713e-12
34.2857,9.71776e-09,6.89021e-12
34.6939,1.09289e-08,7.60019e-12
35.102,1.22374e-08,8.39683e-12
35.5102,1.36873e-08,9.31228e-12
35.9184,1.52666e-08,1.03097e-11
36.3265,1.69727e-08,1.14918e-11
36.7347,1.88369e-08,1.27535e-11
37.1429,2.08261e-08,1.42399e-11
37.551,2.29988e-08,1.58469e-11
37.9592,2.53292e-08,1.76928e-11
38.3673,2.77831e-08,1.96084e-11
38.7755,3.05569e-08,2.19714e-11
39.1837,3.34356e-08,2.4335e-11
39.5918,3.64629e-08,2.71196e-11
40,3.97773e-08,3.01437e-11
40.4082,4.33034e-08,3.33902e-11
40.8163,4.70649e-08,3.7005e-11
41.2245,5.09441e-08,4.08052e-11
41.6327,5.5232e-08,4.51511e-11
42.0408,5.95295e-08,4.9597e-11
42.449,6.4387e-08,5.46637e-11
42.8571,6.94283e-08,6.02525e-11
43.2653,7.47857e-08,6.60399e-11
43.6735,8.01403e-08,7.2027e-11
44.0816,8.61419e-08,7.88897e-11
44.4898,9.22804e-08,8.59685e-11
44.898,9.87078e-08,9.36118e-11
45.3061,1.05446e-07,1.01575e-10
45.7143,1.12773e-07,1.10606e-10
46.1224,1.20339e-07,1.19751e-10
46.5306,1.28107e-07,1.29503e-10
46.9388,1.36227e-07,1.39792e-10
47.3469,1.44959e-07,1.50734e-10
47.7551,1.54374e-07,1.62838e-10
48.1633,1.63686e-07,1.75012e-10
48.5714,1.73607e-07,1.88146e-10
48.9796,1.83984e-07,2.01719e-10
49.3878,1.94953e-07,2.16067e-10
49.7959,2.06005e-07,2.31195e-10
50.2041,2.18503e-07,2.47634e-10
50.6122,2.31212e-07,2.64739e-10
51.0204,2.43894e-07,2.81981e-10
51.4286,2.5728e-07,2.99807e-10
51.8367,2.71415e-07,3.19532e-10
52.2449,2.86856e-07,3.40143e-10
52.6531,3.01417e-07,3.60103e-10
53.0612,3.17844e-07,3.82429e-10
53.4694,3.34117e-07,4.0383e-10
53.8776,3.52216e-07,4.28445e-10
54.2857,3.71287e-07,4.54073e-10
54.6939,3.90208e-07,4.80544e-10
55.102,4.0887e-07,5.05013e-10
55.5102,4.30461e-07,5.3385e-10
55.9184,4.51842e-07,5.61878e-10
56.3265,4.75076e-07,5.91774e-10
56.7347,4.9803e-07,6.22462e-10
57.1429,5.22999e-07,6.55893e-10
57.551,5.49417e-07,6.89567e-10
57.9592,5.74984e-07,7.2303e-10
58.3673,6.01724e-07,7.56933e-10
58.7755,6.30204e-07,7.92828e-10
59.1837,6.60036e-07,8.30846e-10
59.5918,6.92616e-07,8.71017e-10
60,7.24749e-07,9.11524e-10
60.4082,7.58932e-07,9.53145e-10
60.8163,7.91627e-07,9.9329e-10
61.2245,8.30377e-07,1.03959e-09
61.6327,8.68769e-07,1.08558e-09
62.0408,9.08436e-07,1.13152e-09
62.449,9.48804e-07,1.17929e-09
62.8571,9.92132e-07,1.22967e-09
63.2653,1.03931e-06,1.28316e-09
63.6735,1.08481e-06,1.33392e-09
64.0816,1.13237e-06,1.38535e-09
64.4898,1.18158e-06,1.44102e-09
64.898,1.23516e-06,1.49772e-09
65.3061,1.2888e-06,1.55655e-09
65.7143,1.34354e-06,1.61249e-09
66.1224,1.40184e-06,1.67541e-09
66.5306,1.46444e-06,1.74137e-09
66.9388,1.52528e-06,1.80432e-09
67.3469,1.59223e-06,1.8705e-09
67.7551,1.65732e-06,1.93355e-09
68.1633,1.73093e-06,2.00826e-09
68.5714,1.80268e-06,2.07843e-09
68.9796,1.8783e-06,2.14897e-09
69.3878,1.95524e-06,2.22348e-09
69.7959,2.03633e-06,2.30341e-09
70.2041,2.12184e-06,2.37994e-09
70.6122,2.20997e-06,2.46162e-09
71.0204,2.29877e-06,2.54096e-09
71.4286,2.39296e-06,2.62483e-09
71.8367,2.48108e-06,2.70445e-09
72.2449,2.58276e-06,2.79307e-09
72.6531,2.68673e-06,2.87896e-09
73.0612,2.8008e-06,2.98371e-09
73.4694,2.91235e-06,3.07198e-09
73.8776,3.02838e-06,3.17037e-09
74.2857,3.1413e-06,3.2627e-09
74.6939,3.25732e-06,3.35755e-09
75.102,3.39101e-06,3.46219e-09
75.5102,3.51669e-06,3.55906e-09
75.9184,3.65527e-06,3.6775e-09
76.3265,3.78718e-06,3.77356e-09
76.7347,3.93568e-06,3.88914e-09
77.1429,4.08169e-06,4.00098e-09
77.551,4.23772e-06,4.11758e-09
77.9592,4.38629e-06,4.22906e-09
78.3673,4.55278e-06,4.35097e-09
78.7755,4.72438e-06,4.47792e-09
79.1837,4.89463e-06,4.59846e-09
79.5918,5.05598e-06,4.70637e-09
80,5.24895e-06,4.84507e-09
80.4082,5.43554e-06,4.97116e-09
80.8163,5.62401e-06,5.10509e-09
81.2245,5.83289e-06,5.25408e-09
81.6327,6.02863e-06,5.37909e-09
82.0408,6.24649e-06,5.53117e-09
82.449,6.46501e-06,5.67452e-09
82.8571,6.67579e-06,5.809e-09
83.2653,6.91304e-06,5.96592e-09
83.6735,7.14218e-06,6.11036e-09
84.0816,7.39458e-06,6.28321e-09
84.4898,7.63391e-06,6.43048e-09
84.898,7.8811e-06,6.58476e-09
85.3061,8.16046e-06,6.76429e-09
85.7143,8.41262e-06,6.90357e-09
86.1224,8.69713e-06,7.094e-09
86.5306,8.98381e-06,7.26274e-09
86.9388,9.27813e-06,7.43162e-09
87.3469,9.57667e-06,7.6297e-09
87.7551,9.8962e-06,7.81137e-09
88.1633,1.02065e-05,8.00124e-09
88.5714,1.05209e-05,8.17055e-09
88.9796,1.08408e-05,8.35626e-09
89.3878,1.117e-05,8.54255e-09
89.7959,1.15479e-05,8.78624e-09
90.2041,1.18741e-05,8.9536e-09
90.6122,1.22357e-05,9.15076e-09
91.0204,1.26253e-05,9.37374e-09
91.4286,1.30103e-05,9.58911e-09
91.8367,1.34033e-05,9.81551e-09
92.2449,1.3789e-05,1.00033e-08
92.6531,1.4196e-05,1.02288e-08
93.0612,1.46015e-05,1.04405e-08
93.4694,1.50568e-05,1.07039e-08
93.8776,1.54824e-05,1.09286e-08
94.2857,1.59594e-05,1.11822e-08
94.6939,1.63893e-05,1.13939e-08
95.102,1.68646e-05,1.16604e-08
95.5102,1.73262e-05,1.18849e-08
95.9184,1.78194e-05,1.21402e-08
96.3265,1.83168e-05,1.24103e-08
96.7347,1.88316e-05,1.26676e-08
97.1429,1.93467e-05,1.29316e-08
97.551,1.99e-05,1.32131e-08
97.9592,2.04215e-05,1.34662e-08
98.3673,2.09919e-05,1.37495e-08
98.7755,2.15325e-05,1.40045e-08
99.1837,2.21319e-05,1.43068e-08
99.5918,2.27084e-05,1.45953e-08
100,2.33037e-05,1.48742e-08
100.816,2.45365e-05,1.54785e-08
101.633,2.58528e-05,1.61212e-08
102.449,2.71542e-05,1.67028e-08
103.265,2.85908e-05,1.74004e-08
104.082,3.00263e-05,1.80817e-08
104.898,3.1534e-05,1.87785e-08
105.714,3.30677e-05,1.94597e-08
106.531,3.46964e-05,2.02221e-08
107.347,3.6369e-05,2.09257e-08
108.163,3.80714e-05,2.17108e-08
108.98,3.98612e-05,2.24816e-08
109.796,4.16806e-05,2.3276e-08
110.612,4.36006e-05,2.41251e-08
111.429,4.56552e-05,2.49995e-08
112.245,4.76461e-05,2.58497e-08
113.061,4.98229e-05,2.68031e-08
113.878,5.20048e-05,2.77005e-08
114.694,5.41953e-05,2.86175e-08
115.51,5.65782e-05,2.96035e-08
116.327,5.89285e-05,3.05546e-08
117.143,6.13833e-05,3.15822e-08
117.959,6.38941e-05,3.25938e-08
118.776,6.65631e-05,3.36991e-08
119.592,6.92558e-05,3.4758e-08
120.408,7.20254e-05,3.58641e-08
121.224,7.48145e-05,3.6934e-08
122.041,7.78646e-05,3.81538e-08
122.857,8.07824e-05,3.92803e-08
123.673,8.3852e-05,4.04959e-08
124.49,8.71961e-05,4.17886e-08
125.306,9.02404e-05,4.29341e-08
126.122,9.37354e-05,4.4301e-08
126.939,9.71431e-05,4.55803e-08
127.755,0.000100636,4.68673e-08
128.571,0.000104377,4.83188e-08
129.388,0.000107974,4.96523e-08
130.204,0.000111741,5.10428e-08
131.02,0.000115775,5.25867e-08
131.837,0.000119701,5.40038e-08
132.653,0.000123843,5.54872e-08
133.469,0.000127965,5.69747e-08
134.286,0.000132296,5.85724e-08
135.102,0.000136592,6.00717e-08
135.918,0.000141141,6.17405e-08
136.735,0.000145562,6.32755e-08
137.551,0.000150345,6.5012e-08
138.367,0.00015516,6.67232e-08
139.184,0.000160136,6.84537e-08
140,0.000165197,7.02544e-08
140.816,0.000170243,7.19486e-08
141.633,0.000175419,7.37786e-08
142.449,0.000180852,7.55933e-08
143.265,0.000186225,7.74924e-08
144.082,0.000191668,7.93298e-08
144.898,0.000197436,8.13125e-08
145.714,0.000203074,8.32627e-08
146.531,0.000209218,8.53394e-08
147.347,0.000215175,8.734e-08
148.163,0.000221279,8.93602e-08
148.98,0.00022756,9.1442e-08
149.796,0.000233795,9.3573e-08
150.612,0.000240432,9.57031e-08
151.429,0.000247179,9.79566e-08
152.245,0.000253824,1.00155e-07
153.061,0.000260653,1.02362e-07
153.878,0.000267566,1.0461e-07
154.694,0.000274741,1.06963e-07
155.51,0.000281915,1.0924e-07
156.327,0.000289307,1.1165e-07
157.143,0.000296913,1.14082e-07
157.959,0.000304514,1.16463e-07
158.776,0.000312081,1.18869e-07
159.592,0.000319955,1.21396e-07
160.408,0.000328201,1.24059e-07
161.224,0.00033623,1.26595e-07
162.041,0.000344611,1.29166e-07
162.857,0.000352885,1.31763e-07
163.673,0.000361728,1.34509e-07
164.49,0.00037016,1.37131e-07
165.306,0.000378871,1.39919e-07
166.122,0.000388253,1.42799e-07
166.939,0.000396936,1.45412e-07
167.755,0.000406641,1.48373e-07
168.571,0.000415739,1.51183e-07
169.388,0.000425768,1.54184e-07
170.204,0.000435117,1.57041e-07
171.02,0.000444761,1.60013e-07
171.837,0.000454998,1.63083e-07
172.653,0.000465333,1.66172e-07
173.469,0.000475645,1.69324e-07
174.286,0.000486056,1.72433e-07
175.102,0.000496418,1.75501e-07
175.918,0.000507207,1.78647e-07
176.735,0.000518112,1.81994e-07
177.551,0.000528822,1.85126e-07
178.367,0.000540673,1.88525e-07
179.184,0.000551729,1.91856e-07
180,0.00056334,1.95172e-07
180.816,0.0005744,1.98506e-07
181.633,0.00058649,2.0192e-07
182.449,0.000598549,2.05481e-07
183.265,0.000610752,2.09033e-07
184.082,0.000622807,2.12446e-07
184.898,0.00063551,2.16155e-07
185.714,0.000648173,2.19776e-07
186.531,0.000661188,2.23491e-07
187.347,0.000674065,2.27185e-07
188.163,0.000686844,2.3084e-07
188.98,0.000700046,2.34602e-07
189.796,0.000713867,2.38451e-07
190.612,0.000726616,2.42073e-07
191.429,0.000740664,2.46039e-07
192.245,0.000754887,2.50012e-07
193.061,0.000768717,2.53765e-07
193.878,0.000783026,2.57962e-07
194.694,0.00079722,2.61744e-07
195.51,0.000812157,2.65965e-07
196.327,0.000826654,2.70034e-07
197.143,0.000841423,2.7414e-07
197.959,0.000856645,2.78258e-07
198.776,0.000871833,2.8262e-07
199.592,0.000887784,2.86844e-07
200.408,0.000903037,2.90932e-07
201.224,0.000918976,2.95399e-07
202.041,0.000935286,2.99906e-07
202.857,0.000950971,3.04102e-07
203.673,0.000967078,3.08385e-07
204.49,0.000983634,3.12861e-07
205.306,0.00100045,3.17453e-07
206.122,0.00101706,3.21893e-07
206.939,0.0010343,3.2656e-07
207.755,0.00105156,3.31213e-07
208.571,0.00106855,3.35765e-07
209.388,0.00108589,3.40382e-07
210.204,0.00110445,3.45358e-07
211.02,0.0011217,3.49962e-07
211.837,0.00114021,3.54705e-07
212.653,0.00115813,3.59599e-07
213.469,0.00117718,3.64625e-07
214.286,0.00119562,3.69416e-07
215.102,0.00121453,3.74484e-07
215.918,0.00123336,3.79387e-07
216.735,0.00125244,3.84368e-07
217.551,0.00127157,3.89339e-07
218.367,0.00129129,3.94383e-07
219.184,0.0013109,3.99461e-07
220,0.00133139,4.04657e-07
221.633,0.00137131,4.1522e-07
223.265,0.00141228,4.2589e-07
224.898,0.00145523,4.36696e-07
226.531,0.00149705,4.47405e-07
228.163,0.00154115,4.58562e-07
229.796,0.00158486,4.69883e-07
231.429,0.00163029,4.81074e-07
233.061,0.00167612,4.92746e-07
234.694,0.00172289,5.04339e-07
236.327,0.001771,5.16314e-07
237.959,0.0018185,5.2811e-07
239.592,0.00186714,5.40427e-07
241.224,0.00191834,5.52968e-07
242.857,0.00196694,5.6469e-07
244.49,0.002019,5.77537e-07
246.122,0.0020704,5.90216e-07
247.755,0.00212403,6.03065e-07
249.388,0.002177,6.15944e-07
251.02,0.00223201,6.29393e-07
252.653,0.00228841,6.4291e-07
254.286,0.0023425,6.55909e-07
255.918,0.00239979,6.69666e-07
257.551,0.0024594,6.83776e-07
259.184,0.00251709,6.97628e-07
260.816,0.00257565,7.1153e-07
262.449,0.00263673,7.26045e-07
264.082,0.00269893,7.40363e-07
265.714,0.00276018,7.54877e-07
267.347,0.00282103,7.69164e-07
268.98,0.00288681,7.84383e-07
270.612,0.00295099,7.99375e-07
272.245,0.0030172,8.14949e-07
273.878,0.00308347,8.30124e-07
275.51,0.00314953,8.45522e-07
277.143,0.00321622,8.60851e-07
278.776,0.0032867,8.76953e-07
280.408,0.0033565,8.92862e-07
282.041,0.00342582,9.08755e-07
283.673,0.0034978,9.24919e-07
285.306,0.00357045,9.41591e-07
286.939,0.00364209,9.57919e-07
288.571,0.00371745,9.7472e-07
290.204,0.00379173,9.91592e-07
291.837,0.00386684,1.00865e-06
293.469,0.00394019,1.02502e-06
295.102,0.00402003,1.04269e-06
296.735,0.00410007,1.06081e-06
298.367,0.00417865,1.07806e-06
300,0.00425735,1.09586e-06
301.633,0.00434046,1.11399e-06
303.265,0.00442111,1.1315e-06
304.898,0.00450257,1.14989e-06
306.531,0.004589,1.16875e-06
308.163,0.00467071,1.18669e-06
309.796,0.00475626,1.20543e-06
311.429,0.0048424,1.2242e-06
313.061,0.00493168,1.24347e-06
314.694,0.00501625,1.26228e-06
316.327,0.0051053,1.28131e-06
317.959,0.00519528,1.30078e-06
319.592,0.00528687,1.32075e-06
321.224,0.00537669,1.34006e-06
322.857,0.00546799,1.35973e-06
324.49,0.00556601,1.38014e-06
326.122,0.00565584,1.40025e-06
327.755,0.00575544,1.42112e-06
329.388,0.00585025,1.4415e-06
331.02,0.00594524,1.46143e-06
332.653,0.00604369,1.4826e-06
334.286,0.00614082,1.50313e-06
335.918,0.00624029,1.52428e-06
337.551,0.00633851,1.54466e-06
339.184,0.00644305,1.5669e-06
340.816,0.00654148,1.5877e-06
342.449,0.00664775,1.6098e-06
344.082,0.00674892,1.63099e-06
345.714,0.00685499,1.653e-06
347.347,0.00696113,1.67546e-06
348.98,0.00706583,1.6972e-06
350.612,0.00717782,1.72014e-06
352.245,0.0072864,1.74255e-06
353.878,0.00739418,1.7658e-06
355.51,0.00750381,1.78809e-06
357.143,0.00761161,1.81038e-06
358.776,0.00772883,1.8343e-06
360.408,0.00784285,1.85798e-06
362.041,0.00795115,1.88018e-06
363.673,0.00806624,1.9042e-06
365.306,0.00818586,1.92773e-06
366.939,0.00829968,1.95191e-06
368.571,0.00841752,1.97542e-06
370.204,0.00853553,1.99949e-06
371.837,0.00865488,2.02368e-06
373.469,0.00877376,2.0476e-06
375.102,0.0088962,2.0723e-06
376.735,0.009019,2.09754e-06
378.367,0.0091407,2.12243e-06
380,0.00926114,2.14678e-06
382.449,0.00945206,2.18459e-06
384.898,0.0096387,2.22271e-06
387.347,0.00982937,2.26072e-06
389.796,0.0100281,2.30099e-06
392.245,0.0102228,2.33953e-06
394.694,0.0104158,2.378e-06
397.143,0.0106165,2.41772e-06
399.592,0.0108165,2.45791e-06
402.041,0.011022,2.49848e-06
404.49,0.0112293,2.53977e-06
406.939,0.0114359,2.57973e-06
409.388,0.0116437,2.62062e-06
411.837,0.0118538,2.66221e-06
414.286,0.0120701,2.70441e-06
416.735,0.0122847,2.74678e-06
419.184,0.0124997,2.78887e-06
421.633,0.0127247,2.83246e-06
424.082,0.0129432,2.875e-06
426.531,0.0131725,2.91926e-06
428.98,0.0133945,2.96252e-06
431.429,0.0136237,3.00592e-06
433.878,0.013849,3.05075e-06
436.327,0.0140802,3.09607e-06
438.776,0.0143153,3.1408e-06
441.224,0.0145559,3.18751e-06
443.673,0.0147887,3.23151e-06
446.122,0.0150323,3.27819e-06
448.571,0.015269,3.32317e-06
451.02,0.015519,3.37096e-06
453.469,0.0157651,3.41777e-06
455.918,0.016009,3.46432e-06
458.367,0.0162535,3.51215e-06
460.816,0.016506,3.55919e-06
463.265,0.0167622,3.60789e-06
465.714,0.0170143,3.65544e-06
468.163,0.0172737,3.70504e-06
470.612,0.0175351,3.75443e-06
473.061,0.0177963,3.80337e-06
475.51,0.0180586,3.85267e-06
477.959,0.0183223,3.90268e-06
480.408,0.0185952,3.95304e-06
482.857,0.0188678,4.00381e-06
485.306,0.0191322,4.05469e-06
487.755,0.019411,4.10543e-06
490.204,0.0196848,4.15796e-06
492.653,0.0199708,4.20987e-06
495.102,0.0202399,4.26197e-06
497.551,0.0205264,4.31421e-06
500,0.020806,4.36696e-06
502.449,0.0210981,4.4196e-06
504.898,0.0213818,4.47322e-06
507.347,0.0216671,4.52637e-06
509.796,0.021957,4.58046e-06
512.245,0.022263,4.6359e-06
514.694,0.0225486,4.6898e-06
517.143,0.0228507,4.74377e-06
519.592,0.0231434,4.79767e-06
522.041,0.0234486,4.85411e-06
524.49,0.02375,4.90927e-06
526.939,0.0240531,4.96653e-06
529.388,0.0243611,5.02137e-06
531.837,0.0246716,5.07893e-06
534.286,0.0249919,5.13669e-06
536.735,0.0252855,5.19047e-06
539.184,0.0256101,5.25081e-06
541.633,0.0259356,5.30947e-06
544.082,0.026238,5.36586e-06
546.531,0.0265618,5.42397e-06
548.98,0.0268768,5.48213e-06
551.429,0.0272114,5.54333e-06
553.878,0.0275322,5.60056e-06
556.327,0.0278624,5.66069e-06
558.776,0.0281957,5.72015e-06
561.224,0.0285238,5.78002e-06
563.673,0.0288521,5.84094e-06
566.122,0.0291995,5.9028e-06
568.571,0.0295304,5.96249e-06
571.02,0.0298544,6.02167e-06
573.469,0.0302091,6.08309e-06
575.918,0.0305487,6.14663e-06
578.367,0.0309007,6.20998e-06
580.816,0.0312483,6.27286e-06
583.265,0.0315928,6.33529e-06
585.714,0.0319584,6.40005e-06
588.163,0.0322882,6.46005e-06
590.612,0.0326598,6.52622e-06
593.061,0.0330087,6.58684e-06
595.51,0.0333644,6.65006e-06
597.959,0.0337271,6.71552e-06
600.408,0.0340912,6.78354e-06
602.857,0.0344558,6.84623e-06
605.306,0.0348136,6.91254e-06
607.755,0.0351897,6.97883e-06
610.204,0.0355431,7.04224e-06
612.653,0.0359231,7.10849e-06
615.102,0.036308,7.17578e-06
617.551,0.0366746,7.24257e-06
620,0.0370631,7.31207e-06
622.449,0.0374233,7.37798e-06
624.898,0.0378004,7.44242e-06
627.347,0.038196,7.51397e-06
629.796,0.0385779,7.58023e-06
632.245,0.0389418,7.64597e-06
634.694,0.0393259,7.71722e-06
637.143,0.0397311,7.78759e-06
639.592,0.0401285,7.85603e-06
642.041,0.0405111,7.92325e-06
644.49,0.0409195,7.99362e-06
646.939,0.0412982,8.06328e-06
649.388,0.0417056,8.13346e-06
651.837,0.0420953,8.20355e-06
654.286,0.0425171,8.27875e-06
656.735,0.0429193,8.34976e-06
659.184,0.0433202,8.42189e-06
661.633,0.0437333,8.49007e-06
664.082,0.0441203,8.56211e-06
666.531,0.0445464,8.63615e-06
668.98,0.0449483,8.70764e-06
671.429,0.0453883,8.78361e-06
673.878,0.0457811,8.85307e-06
676.327,0.0462234,8.9277e-06
678.776,0.0466429,9.00191e-06
681.224,0.0470495,9.07519e-06
683.673,0.0474659,9.14647e-06
686.122,0.0478928,9.22341e-06
688.571,0.0483254,9.29845e-06
691.02,0.0487577,9.37354e-06
693.469,0.0491574,9.44571e-06
695.918,0.0496079,9.52281e-06
698.367,0.0500506,9.59866e-06
700.816,0.0504732,9.67543e-06
703.265,0.0509154,9.75229e-06
705.714,0.0513609,9.83009e-06
708.163,0.0517986,9.91072e-06
710.612,0.0522325,9.98342e-06
713.061,0.052674,1.00586e-05
715.51,0.0531421,1.01437e-05
717.959,0.0535821,1.02169e-05
720.408,0.0540035,1.02943e-05
722.857,0.0545034,1.03802e-05
725.306,0.0549187,1.04511e-05
727.755,0.0553785,1.05326e-05
730.204,0.0558256,1.06088e-05
732.653,0.0563018,1.06901e-05
735.102,0.0567578,1.07736e-05
737.551,0.0572276,1.08541e-05
740,0.0576765,1.09316e-05
743.265,0.0583207,1.10412e-05
746.531,0.0589268,1.1146e-05
749.796,0.0595507,1.12585e-05
753.061,0.0601638,1.13636e-05
756.327,0.0608161,1.1478e-05
759.592,0.0614363,1.15847e-05
762.857,0.0620688,1.16921e-05
766.122,0.0627354,1.18115e-05
769.388,0.0633607,1.19207e-05
772.653,0.0640142,1.20375e-05
775.918,0.0646724,1.21452e-05
779.184,0.0653325,1.22577e-05
782.449,0.0659649,1.23699e-05
785.714,0.0666384,1.2485e-05
788.98,0.0673083,1.26018e-05
792.245,0.0679543,1.27122e-05
795.51,0.0686486,1.28335e-05
798.776,0.0692786,1.2944e-05
802.041,0.0699621,1.30609e-05
805.306,0.0706416,1.31789e-05
808.571,0.0713124,1.3295e-05
811.837,0.0719853,1.34127e-05
815.102,0.0726877,1.35336e-05
818.367,0.073354,1.36484e-05
821.633,0.0740703,1.37673e-05
824.898,0.0747781,1.38898e-05
828.163,0.0754465,1.40025e-05
831.429,0.076135,1.41245e-05
834.694,0.0768914,1.42561e-05
837.959,0.0775675,1.43731e-05
841.224,0.0782519,1.44896e-05
844.49,0.0789388,1.46117e-05
847.755,0.0796838,1.47373e-05
851.02,0.0803983,1.48584e-05
854.286,0.0811294,1.49878e-05
857.551,0.0818064,1.51014e-05
860.816,0.0825748,1.52328e-05
864.082,0.0832689,1.53538e-05
867.347,0.084029,1.5485e-05
870.612,0.0847508,1.56059e-05
873.878,0.085467,1.57374e-05
877.143,0.0862213,1.5863e-05
880.408,0.0869629,1.59893e-05
883.673,0.0877419,1.61261e-05
886.939,0.0884864,1.62493e-05
890.204,0.0892081,1.63771e-05
893.469,0.0899381,1.65061e-05
896.735,0.0907309,1.66343e-05
900,0.091456,1.67635e-05
903.265,0.0921985,1.68915e-05
906.531,0.0930117,1.70305e-05
909.796,0.0937425,1.71567e-05
913.061,0.0944952,1.7288e-05
916.327,0.0953037,1.7418e-05
919.592,0.0960565,1.7552e-05
922.857,0.0968383,1.76903e-05
926.122,0.0976355,1.78213e-05
929.388,0.0983803,1.79509e-05
932.653,0.0991933,1.80907e-05
935.918,0.0999405,1.82227e-05
939.184,0.100762,1.83641e-05
942.449,0.101541,1.84928e-05
945.714,0.102368,1.86395e-05
948.98,0.103137,1.87737e-05
952.245,0.103926,1.89057e-05
955.51,0.104753,1.90443e-05
958.776,0.105567,1.91858e-05
962.041,0.106354,1.93215e-05
965.306,0.107182,1.94624e-05
968.571,0.107954,1.9598e-05
971.837,0.1088,1.97378e-05
975.102,0.109593,1.98766e-05
978.367,0.110407,2.00172e-05
981.633,0.111239,2.01606e-05
984.898,0.112064,2.0306e-05
988.163,0.112884,2.04434e-05
991.429,0.11372,2.05883e-05
994.694,0.11456,2.07299e-05
997.959,0.115414,2.08809e-05
1001.22,0.116247,2.1018e-05
1004.49,0.117068,2.11574e-05
1007.76,0.117924,2.13048e-05
1011.02,0.11879,2.14599e-05
1014.29,0.119611,2.15946e-05
1017.55,0.120474,2.17454e-05
1020.82,0.121329,2.18946e-05
1024.08,0.122185,2.20419e-05
1027.35,0.123012,2.21774e-05
1030.61,0.123902,2.23396e-05
1033.88,0.124744,2.24849e-05
1037.14,0.125623,2.26341e-05
1040.41,0.126535,2.27901e-05
1043.67,0.127386,2.29356e-05
1046.94,0.128239,2.30821e-05
1050.2,0.12914,2.32282e-05
1053.47,0.130001,2.33838e-05
1056.73,0.130913,2.3537e-05
1060,0.13173,2.36818e-05
1064.9,0.133098,2.39157e-05
1069.8,0.134414,2.41434e-05
1074.69,0.135737,2.43723e-05
1079.59,0.137142,2.4614e-05
1084.49,0.138492,2.48416e-05
1089.39,0.13979,2.50657e-05
1094.29,0.141146,2.53011e-05
1099.18,0.14252,2.5541e-05
1104.08,0.143887,2.57678e-05
1108.98,0.145242,2.60123e-05
1113.88,0.146673,2.62514e-05
1118.78,0.148057,2.64906e-05
1123.67,0.149472,2.67297e-05
1128.57,0.150817,2.69643e-05
1133.47,0.152278,2.72082e-05
1138.37,0.153669,2.74621e-05
1143.27,0.155033,2.76914e-05
1148.16,0.156452,2.79458e-05
1153.06,0.1579,2.81834e-05
1157.96,0.15936,2.8433e-05
1162.86,0.160749,2.86842e-05
1167.76,0.162228,2.89263e-05
1172.65,0.163669,2.91751e-05
1177.55,0.165072,2.94288e-05
1182.45,0.166567,2.96844e-05
1187.35,0.168031,2.99453e-05
1192.24,0.169471,3.01835e-05
1197.14,0.171016,3.0446e-05
1202.04,0.172446,3.06998e-05
1206.94,0.173927,3.09578e-05
1211.84,0.175402,3.121e-05
1216.73,0.176879,3.14641e-05
1221.63,0.178369,3.17257e-05
1226.53,0.179928,3.19888e-05
1231.43,0.181367,3.22478e-05
1236.33,0.182897,3.251e-05
1241.22,0.184458,3.27762e-05
1246.12,0.185946,3.30344e-05
1251.02,0.187538,3.33121e-05
1255.92,0.18901,3.35713e-05
1260.82,0.190508,3.38259e-05
1265.71,0.19206,3.40961e-05
1270.61,0.193622,3.43629e-05
1275.51,0.195193,3.46375e-05
1280.41,0.196768,3.49064e-05
1285.31,0.198368,3.51878e-05
1290.2,0.199871,3.54511e-05
1295.1,0.201453,3.572e-05
1300,0.203013,3.59982e-05
1304.9,0.204619,3.62831e-05
1309.8,0.206127,3.65426e-05
1314.69,0.207776,3.68317e-05
1319.59,0.209361,3.70944e-05
1324.49,0.21094,3.73688e-05
1329.39,0.212599,3.7658e-05
1334.29,0.214182,3.79344e-05
1339.18,0.215756,3.82192e-05
1344.08,0.217476,3.85201e-05
1348.98,0.219097,3.87875e-05
1353.88,0.220713,3.90786e-05
1358.78,0.222247,3.93438e-05
1363.67,0.223891,3.96307e-05
1368.57,0.225526,3.99227e-05
1373.47,0.227223,4.02074e-05
1378.37,0.228831,4.05023e-05
1383.27,0.230547,4.07967e-05
1388.16,0.232179,4.10782e-05
1393.06,0.233804,4.13659e-05
1397.96,0.235463,4.16567e-05
1402.86,0.23715,4.19628e-05
1407.76,0.238864,4.22417e-05
1412.65,0.24052,4.25453e-05
1417.55,0.242198,4.2829e-05
1422.45,0.243849,4.31265e-05
1427.35,0.245633,4.34356e-05
1432.24,0.247326,4.37331e-05
1437.14,0.249017,4.40364e-05
1442.04,0.250591,4.43157e-05
1446.94,0.252388,4.46254e-05
1451.84,0.254126,4.49264e-05
1456.73,0.255794,4.5248e-05
1461.63,0.257576,4.55308e-05
1466.53,0.259342,4.58481e-05
1471.43,0.261063,4.61419e-05
1476.33,0.262788,4.64454e-05
1481.22,0.264537,4.67431e-05
1486.12,0.266252,4.70627e-05
1491.02,0.267989,4.73593e-05
1495.92,0.269822,4.77022e-05
1500.82,0.271579,4.80077e-05
1505.71,0.273292,4.83241e-05
1510.61,0.275022,4.85963e-05
1515.51,0.276914,4.89397e-05
1520.41,0.278687,4.92489e-05
1525.31,0.280317,4.95359e-05
1530.2,0.282237,4.98832e-05
1535.1,0.284054,5.01977e-05
1540,0.285713,5.05055e-05
1547.35,0.288468,5.09701e-05
1554.69,0.291204,5.14822e-05
1562.04,0.293843,5.19381e-05
1569.39,0.296686,5.24457e-05
1576.73,0.299416,5.29123e-05
1584.08,0.302092,5.3402e-05
1591.43,0.304888,5.38857e-05
1598.78,0.307678,5.44026e-05
1606.12,0.310441,5.48655e-05
1613.47,0.313115,5.53578e-05
1620.82,0.316039,5.58587e-05
1628.16,0.318811,5.63672e-05
1635.51,0.321554,5.68521e-05
1642.86,0.324525,5.73997e-05
1650.2,0.327261,5.7877e-05
1657.55,0.330168,5.84033e-05
1664.9,0.332915,5.8873e-05
1672.24,0.33577,5.93821e-05
1679.59,0.338681,5.99092e-05
1686.94,0.341473,6.04185e-05
1694.29,0.344465,6.09466e-05
1701.63,0.347353,6.14729e-05
1708.98,0.350219,6.19845e-05
1716.33,0.353054,6.248e-05
1723.67,0.355918,6.30259e-05
1731.02,0.359039,6.35587e-05
1738.37,0.361861,6.40702e-05
1745.71,0.364769,6.46046e-05
1753.06,0.367871,6.51249e-05
1760.41,0.37066,6.56653e-05
1767.76,0.373806,6.62004e-05
1775.1,0.376554,6.6713e-05
1782.45,0.379646,6.72686e-05
1789.8,0.382673,6.7828e-05
1797.14,0.385662,6.83561e-05
1804.49,0.388635,6.88783e-05
1811.84,0.391607,6.9431e-05
1819.18,0.394681,6.99751e-05
1826.53,0.397625,7.0507e-05
1833.88,0.400774,7.1102e-05
1841.22,0.403783,7.16404e-05
1848.57,0.4069,7.21873e-05
1855.92,0.409976,7.27546e-05
1863.27,0.413025,7.33175e-05
1870.61,0.416168,7.38845e-05
1877.96,0.419133,7.44258e-05
1885.31,0.42222,7.49802e-05
1892.65,0.425472,7.55985e-05
1900,0.428564,7.61311e-05
1907.35,0.431674,7.67109e-05
1914.69,0.434778,7.72569e-05
1922.04,0.437904,7.78432e-05
1929.39,0.441015,7.84166e-05
1936.73,0.444293,7.90277e-05
1944.08,0.447403,7.95903e-05
1951.43,0.450507,8.01375e-05
1958.78,0.453692,8.06925e-05
1966.12,0.456919,8.13158e-05
1973.47,0.459994,8.18907e-05
1980.82,0.463203,8.24474e-05
1988.16,0.466478,8.30606e-05
1995.51,0.46986,8.37137e-05
2002.86,0.473108,8.43033e-05
2010.2,0.476391,8.48737e-05
2017.55,0.479462,8.54751e-05
2024.9,0.482834,8.60824e-05
2032.24,0.485807,8.66259e-05
2039.59,0.48917,8.7267e-05
2046.94,0.49252,8.7902e-05
2054.29,0.495785,8.84328e-05
2061.63,0.499349,8.91463e-05
2068.98,0.502354,8.96711e-05
2076.33,0.505528,9.03e-05
2083.67,0.509009,9.0886e-05
2091.02,0.512195,9.14647e-05
2098.37,0.515578,9.215e-05
2105.71,0.518892,9.27298e-05
2113.06,0.522167,9.33322e-05
2120.41,0.525774,9.40037e-05
2127.76,0.528874,9.46258e-05
2135.1,0.53237,9.51987e-05
2142.45,0.535585,9.58585e-05
2149.8,0.539003,9.6474e-05
2157.14,0.542458,9.7115e-05
2164.49,0.545861,9.77239e-05
2171.84,0.549308,9.83974e-05
2179.18,0.552742,9.90174e-05
2186.53,0.556227,9.96657e-05
2193.88,0.559424,0.000100285
2201.22,0.563061,0.00010093
2208.57,0.566333,0.000101583
2215.92,0.569837,0.000102229
2223.27,0.573398,0.000102844
2230.61,0.576734,0.000103517
2237.96,0.580102,0.000104149
2245.31,0.58356,0.000104823
2252.65,0.586956,0.000105462
2260,0.590453,0.000106077
2271.02,0.595779,0.000107086
2282.04,0.601132,0.000108075
2293.06,0.606311,0.000109074
2304.08,0.611592,0.000110053
2315.1,0.616759,0.000111034
2326.12,0.622309,0.000112054
2337.14,0.627571,0.000113077
2348.16,0.632782,0.000114049
2359.18,0.638286,0.000115078
2370.2,0.643624,0.000116072
2381.22,0.649132,0.000117118
2392.24,0.654393,0.000118153
2403.27,0.659763,0.000119151
2414.29,0.665342,0.00012022
2425.31,0.670793,0.000121218
2436.33,0.676116,0.000122229
2447.35,0.681773,0.000123324
2458.37,0.686843,0.000124339
2469.39,0.692486,0.000125394
2480.41,0.698366,0.000126535
2491.43,0.703657,0.000127518
2502.45,0.70935,0.000128591
2513.47,0.714677,0.000129656
2524.49,0.720511,0.000130768
2535.51,0.725838,0.000131772
2546.53,0.731749,0.000132902
2557.55,0.737088,0.000133857
2568.57,0.742764,0.000135011
2579.59,0.748321,0.000136066
2590.61,0.754067,0.000137214
2601.63,0.759767,0.000138313
2612.65,0.76555,0.000139397
2623.67,0.771309,0.000140528
2634.69,0.776785,0.000141548
2645.71,0.782661,0.00014274
2656.73,0.78863,0.000143846
2667.76,0.79401,0.000144923
2678.78,0.799742,0.000146025
2689.8,0.805756,0.000147163
2700.82,0.811438,0.000148299
2711.84,0.817472,0.000149456
2722.86,0.822762,0.000150443
2733.88,0.828693,0.000151653
2744.9,0.834616,0.000152774
2755.92,0.840432,0.000153938
2766.94,0.846286,0.00015502
2777.96,0.852583,0.000156266
2788.98,0.858403,0.000157412
2800,0.864283,0.000158545
2814.29,0.871703,0.000159988
2828.57,0.879495,0.000161534
2842.86,0.886979,0.000162986
2857.14,0.895118,0.000164581
2871.43,0.902657,0.000166069
2885.71,0.910581,0.000167617
2900,0.919133,0.000169328
2914.29,0.926493,0.000170791
2928.57,0.934617,0.000172387
2942.86,0.942024,0.000173842
2957.14,0.950167,0.000175421
2971.43,0.957865,0.000176937
2985.71,0.965687,0.000178552
3000,0.973467,0.000180066
3014.29,0.981668,0.000181708
3028.57,0.989785,0.000183268
3042.86,0.997681,0.000184932
3057.14,1.00562,0.000186504
3071.43,1.01399,0.000188089
3085.71,1.02188,0.000189679
3100,1.03013,0.000191294
3114.29,1.03819,0.000192971
3128.57,1.04605,0.000194515
3142.86,1.05443,0.000196185
3157.14,1.06255,0.000197861
3171.43,1.07085,0.000199486
3185.71,1.07925,0.000201194
3200,1.08726,0.000202793
3214.29,1.09542,0.000204444
3228.57,1.10379,0.000206044
3242.86,1.11207,0.000207784
3257.14,1.12022,0.00020942
3271.43,1.1286,0.000211132
3285.71,1.13706,0.000212838
3300,1.14543,0.000214469
3314.29,1.15436,0.000216245
3328.57,1.1621,0.000217855
3342.86,1.17071,0.000219636
3357.14,1.17949,0.000221373
3371.43,1.18759,0.000223042
3385.71,1.19571,0.000224627
3400,1.20449,0.000226491
3414.29,1.21327,0.000228383
3428.57,1.22135,0.000229902
3442.86,1.2306,0.00023181
3457.14,1.23898,0.000233588
3471.43,1.24731,0.000235286
3485.71,1.25596,0.000236977
3500,1.26454,0.000238819
3520.41,1.2771,0.000241426
3540.82,1.28925,0.00024386
3561.22,1.30149,0.00024631
3581.63,1.31452,0.000249039
3602.04,1.32658,0.000251508
3622.45,1.3395,0.000254176
3642.86,1.35143,0.000256622
3663.27,1.36452,0.000259351
3683.67,1.37726,0.000262038
3704.08,1.38997,0.000264565
3724.49,1.40289,0.000267331
3744.9,1.41495,0.000269813
3765.31,1.42767,0.000272453
3785.71,1.44063,0.000275163
3806.12,1.45349,0.000277895
3826.53,1.46631,0.000280537
3846.94,1.47929,0.000283253
3867.35,1.49226,0.000286002
3887.76,1.50537,0.000288798
3908.16,1.51847,0.00029136
3928.57,1.53101,0.000294204
3948.98,1.54427,0.000296861
3969.39,1.55701,0.00029957
3989.8,1.57091,0.000302429
4010.2,1.58376,0.000305232
4030.61,1.59661,0.000307938
4051.02,1.61027,0.000310849
4071.43,1.62339,0.00031354
4091.84,1.63721,0.000316431
4112.24,1.64997,0.00031918
4132.65,1.66403,0.000322161
4153.06,1.67621,0.000324828
4173.47,1.69067,0.000327919
4193.88,1.70456,0.000330881
4214.29,1.71716,0.000333406
4234.69,1.7307,0.000336373
4255.1,1.74452,0.000339438
4275.51,1.75817,0.000342308
4295.92,1.7711,0.000345046
4316.33,1.78514,0.000347994
4336.73,1.79949,0.000351113
4357.14,1.81184,0.000353796
4377.55,1.82653,0.000357038
4397.96,1.83947,0.000359705
4418.37,1.85342,0.000362858
4438.78,1.86809,0.000365779
4459.18,1.88158,0.000368928
4479.59,1.89505,0.000371692
4500,1.90942,0.000374935
4530.61,1.93031,0.000379303
4561.22,1.95108,0.00038382
4591.84,1.97184,0.000388447
4622.45,1.99366,0.000393285
4653.06,2.01444,0.000397748
4683.67,2.0353,0.000402301
4714.29,2.05642,0.000406852
4744.9,2.07788,0.000411697
4775.51,2.09967,0.000416261
4806.12,2.12047,0.000420978
4836.73,2.14267,0.000425779
4867.35,2.165,0.000430976
4897.96,2.18546,0.00043533
4928.57,2.20709,0.000439857
4959.18,2.22917,0.000444975
4989.8,2.25059,0.000449798
5020.41,2.27369,0.00045494
5051.02,2.29418,0.000459462
5081.63,2.31709,0.000464344
5112.24,2.33889,0.000469359
5142.86,2.36226,0.000474484
5173.47,2.38276,0.000479092
5204.08,2.40581,0.000484193
5234.69,2.42726,0.00048915
5265.31,2.45049,0.000494124
5295.92,2.47354,0.000499268
5326.53,2.49515,0.000504305
5357.14,2.51727,0.000509475
5387.76,2.53942,0.00051416
5418.37,2.56291,0.00051957
5448.98,2.58508,0.000524585
5479.59,2.6071,0.000529771
5510.2,2.63052,0.000534937
5540.82,2.65456,0.00054048
5571.43,2.67728,0.000545576
5602.04,2.70047,0.000550836
5632.65,2.72296,0.00055585
5663.27,2.74542,0.000561033
5693.88,2.7693,0.000566518
5724.49,2.79141,0.000571472
5755.1,2.81529,0.000577416
5785.71,2.83811,0.000582332
5816.33,2.8624,0.000587824
5846.94,2.88447,0.00059296
5877.55,2.90837,0.000598469
5908.16,2.93218,0.000603899
5938.78,2.95577,0.000609491
5969.39,2.97837,0.000614238
6000,3.00305,0.000620416
6040.82,3.0336,0.0006274
6081.63,3.06644,0.000634865
6122.45,3.09708,0.000642296
6163.27,3.12857,0.000649216
6204.08,3.16174,0.000657149
6244.9,3.19252,0.000664461
6285.71,3.22504,0.00067175
6326.53,3.25629,0.000679304
6367.35,3.28829,0.00068695
6408.16,3.3214,0.000694688
6448.98,3.3548,0.000702181
6489.8,3.38646,0.000709648
6530.61,3.41861,0.000717232
6571.43,3.45178,0.000725124
6612.24,3.48459,0.000733008
6653.06,3.51783,0.000740857
6693.88,3.5501,0.000748463
6734.69,3.58222,0.000756269
6775.51,3.61703,0.000764502
6816.33,3.64957,0.000772224
6857.14,3.68271,0.000779661
6897.96,3.71423,0.000787258
6938.78,3.74838,0.000795889
6979.59,3.78206,0.000803968
7020.41,3.817,0.000812058
7061.22,3.84978,0.000820044
7102.04,3.88315,0.000827907
7142.86,3.91731,0.000836067
7183.67,3.95036,0.000844491
7224.49,3.98366,0.000852561
7265.31,4.01843,0.000860413
7306.12,4.05167,0.000868606
7346.94,4.08569,0.000877001
7387.76,4.12275,0.000886013
7428.57,4.15365,0.000893688
7469.39,4.18981,0.000902398
7510.2,4.22331,0.000910502
7551.02,4.25927,0.000919325
7591.84,4.29386,0.000927556
7632.65,4.32676,0.000935978
7673.47,4.36182,0.000944263
7714.29,4.39538,0.000952457
7755.1,4.43249,0.000961512
7795.92,4.46715,0.000970195
7836.73,4.50203,0.000978854
7877.55,4.5337,0.000986191
7918.37,4.57185,0.000995951
7959.18,4.60724,0.00100456
8000,4.64247,0.00101345
8040.82,4.67729,0.00102202
8081.63,4.71425,0.0010314
8122.45,4.7455,0.00103892
8163.27,4.78277,0.00104797
8204.08,4.82076,0.0010573
8244.9,4.85323,0.00106565
8285.71,4.88841,0.00107421
8326.53,4.92664,0.00108401
8367.35,4.96029,0.00109256
8408.16,4.99853,0.00110207
8448.98,5.03157,0.00111034
8489.8,5.06898,0.0011198
8530.61,5.10296,0.00112769
8571.43,5.13925,0.00113698
8612.24,5.17699,0.00114681
8653.06,5.21382,0.00115608
8693.88,5.25173,0.00116482
8734.69,5.28456,0.00117419
8775.51,5.32093,0.00118272
8816.33,5.3584,0.00119264
8857.14,5.39368,0.00120124
8897.96,5.43187,0.00121047
8938.78,5.46759,0.00121978
8979.59,5.50457,0.0012292
9020.41,5.54028,0.00123839
9061.22,5.57785,0.00124774
9102.04,5.61524,0.00125722
9142.86,5.65278,0.00126681
9183.67,5.68886,0.00127633
9224.49,5.72441,0.00128514
9265.31,5.76459,0.00129537
9306.12,5.80165,0.00130535
9346.94,5.83863,0.00131485
9387.76,5.87586,0.00132438
9428.57,5.91229,0.00133248
9469.39,5.94794,0.0013425
9510.2,5.98905,0.00135377
9551.02,6.02463,0.00136239
9591.84,6.06319,0.00137252
9632.65,6.10052,0.00138153
9673.47,6.13906,0.00139131
9714.29,6.17712,0.00140168
9755.1,6.21554,0.0014113
9795.92,6.25092,0.00142153
9836.73,6.29197,0.00143075
9877.55,6.32707,0.0014401
9918.37,6.3635,0.00144942
9959.18,6.40351,0.00146062
10000,6.44294,0.00147033
