0.1,0,0
0.111111,0,0
0.122222,0,0
0.133333,0,0
0.144444,0,0
0.155556,0,0
0.166667,0,0
0.177778,0,0
0.188889,0,0
0.2,0,0
0.211111,0,0
0.222222,0,0
0.233333,0,0
0.244444,6.71978e-15,3.73722e-18
0.255556,2.99221e-13,1.60477e-16
0.266667,2.33455e-12,1.21551e-15
0.277778,9.43376e-12,4.7959e-15
0.288889,2.69956e-11,1.34426e-14
0.3,6.24034e-11,3.06294e-14
0.311111,1.249e-10,6.03821e-14
0.322222,2.24848e-10,1.07524e-13
0.333333,3.74529e-10,1.77856e-13
0.344444,5.86773e-10,2.76562e-13
0.355556,8.74342e-10,4.08796e-13
0.366667,1.25142e-09,5.81723e-13
0.377778,1.73182e-09,8.02302e-13
0.388889,2.33008e-09,1.07726e-12
0.4,3.06428e-09,1.40981e-12
0.411111,3.94407e-09,1.80715e-12
0.422222,4.9842e-09,2.27669e-12
0.433333,6.1915e-09,2.82374e-12
0.444444,7.59358e-09,3.45856e-12
0.455556,9.20044e-09,4.18933e-12
0.466667,1.10047e-08,4.99295e-12
0.477778,1.30342e-08,5.90272e-12
0.488889,1.53111e-08,6.9156e-12
0.5,1.78242e-08,8.04344e-12
0.511111,2.05848e-08,9.28535e-12
0.522222,2.36389e-08,1.066e-11
0.533333,2.69347e-08,1.21418e-11
0.544444,3.05486e-08,1.37412e-11
0.555556,3.44526e-08,1.54771e-11
0.566667,3.86256e-08,1.73245e-11
0.577778,4.31489e-08,1.93334e-11
0.588889,4.79411e-08,2.14694e-11
0.6,5.30788e-08,2.37638e-11
0.611111,5.86077e-08,2.62427e-11
0.622222,6.43653e-08,2.87977e-11
0.633333,7.05566e-08,3.15117e-11
0.644444,7.70642e-08,3.43666e-11
0.655556,8.39129e-08,3.73775e-11
0.666667,9.10893e-08,4.05472e-11
0.677778,9.86949e-08,4.39158e-11
0.688889,1.06704e-07,4.7453e-11
0.7,1.14868e-07,5.10728e-11
0.711111,1.23551e-07,5.49048e-11
0.722222,1.32791e-07,5.89831e-11
0.733333,1.42173e-07,6.30072e-11
0.744444,1.51917e-07,6.73039e-11
0.755556,1.62205e-07,7.1809e-11
0.766667,1.72854e-07,7.64459e-11
0.777778,1.83863e-07,8.1265e-11
0.788889,1.95329e-07,8.62529e-11
0.8,2.07139e-07,9.14663e-11
0.811111,2.19378e-07,9.68284e-11
0.822222,2.31936e-07,1.02272e-10
0.833333,2.44825e-07,1.07796e-10
0.844444,2.58376e-07,1.13713e-10
0.855556,2.72171e-07,1.19662e-10
0.866667,2.86455e-07,1.25785e-10
0.877778,3.01109e-07,1.31953e-10
0.888889,3.16253e-07,1.3814e-10
0.9,3.31645e-07,1.4434e-10
0.911111,3.47649e-07,1.5071e-10
0.922222,3.63981e-07,1.57366e-10
0.933333,3.80286e-07,1.63905e-10
0.944444,3.97596e-07,1.708e-10
0.955556,4.15632e-07,1.7804e-10
0.966667,4.33299e-07,1.85139e-10
0.977778,4.51932e-07,1.92504e-10
0.988889,4.7068e-07,1.9987e-10
1,4.89977e-07,2.07558e-10
1.08163,6.44104e-07,2.67983e-10
1.16327,8.21432e-07,3.36588e-10
1.2449,1.02095e-06,4.12651e-10
1.32653,1.24288e-06,4.96805e-10
1.40816,1.48716e-06,5.88384e-10
1.4898,1.75449e-06,6.87848e-10
1.57143,2.04174e-06,7.93887e-10
1.65306,2.34987e-06,9.07305e-10
1.73469,2.67931e-06,1.02816e-09
1.81633,3.0312e-06,1.15624e-09
1.89796,3.39758e-06,1.2888e-09
1.97959,3.78646e-06,1.43018e-09
2.06122,4.19576e-06,1.57708e-09
2.14286,4.62097e-06,1.72947e-09
2.22449,5.06935e-06,1.89047e-09
2.30612,5.53441e-06,2.05667e-09
2.38776,6.0137e-06,2.22718e-09
2.46939,6.509e-06,2.40366e-09
2.55102,7.02601e-06,2.58819e-09
2.63265,7.55683e-06,2.77667e-09
2.71429,8.11365e-06,2.97272e-09
2.79592,8.67428e-06,3.1715e-09
2.87755,9.25444e-06,3.37891e-09
2.95918,9.84373e-06,3.58311e-09
3.04082,1.04577e-05,3.80074e-09
3.12245,1.10963e-05,4.02442e-09
3.20408,1.17363e-05,4.25045e-09
3.28571,1.23854e-05,4.47896e-09
3.36735,1.30557e-05,4.71341e-09
3.44898,1.37331e-05,4.95153e-09
3.53061,1.44366e-05,5.19689e-09
3.61224,1.51499e-05,5.44821e-09
3.69388,1.58658e-05,5.7002e-09
3.77551,1.6596e-05,5.95694e-09
3.85714,1.73413e-05,6.21677e-09
3.93878,1.81231e-05,6.48896e-09
4.02041,1.89026e-05,6.76745e-09
4.10204,1.96785e-05,7.0276e-09
4.18367,2.04859e-05,7.3201e-09
4.26531,2.13029e-05,7.60479e-09
4.34694,2.21249e-05,7.88948e-09
4.42857,2.29535e-05,8.17319e-09
4.5102,2.37978e-05,8.47351e-09
4.59184,2.46526e-05,8.76432e-09
4.67347,2.55289e-05,9.07843e-09
4.7551,2.64157e-05,9.38584e-09
4.83673,2.73117e-05,9.69738e-09
4.91837,2.82055e-05,1.00095e-08
5,2.91029e-05,1.0324e-08
5.10204,3.02683e-05,1.07289e-08
5.20408,3.14485e-05,1.11373e-08
5.30612,3.26157e-05,1.15461e-08
5.40816,3.38172e-05,1.1975e-08
5.5102,3.50215e-05,1.23901e-08
5.61224,3.62782e-05,1.28298e-08
5.71429,3.75315e-05,1.32627e-08
5.81633,3.87846e-05,1.36996e-08
5.91837,4.00532e-05,1.41489e-08
6.02041,4.13445e-05,1.45964e-08
6.12245,4.26832e-05,1.50616e-08
6.22449,4.39731e-05,1.55157e-08
6.32653,4.52962e-05,1.59863e-08
6.42857,4.66494e-05,1.64398e-08
6.53061,4.79959e-05,1.69236e-08
6.63265,4.93933e-05,1.74058e-08
6.73469,5.07467e-05,1.78902e-08
6.83673,5.21641e-05,1.83792e-08
6.93878,5.35778e-05,1.88828e-08
7.04082,5.49816e-05,1.93519e-08
7.14286,5.63896e-05,1.98546e-08
7.2449,5.78663e-05,2.03753e-08
7.34694,5.93116e-05,2.08804e-08
7.44898,6.08456e-05,2.1419e-08
7.55102,6.22636e-05,2.19184e-08
7.65306,6.38099e-05,2.24459e-08
7.7551,6.52852e-05,2.29581e-08
7.85714,6.67717e-05,2.3484e-08
7.95918,6.83369e-05,2.40323e-08
8.06122,6.98868e-05,2.45769e-08
8.16327,7.14003e-05,2.51187e-08
8.26531,7.29625e-05,2.56629e-08
8.36735,7.45456e-05,2.61955e-08
8.46939,7.61207e-05,2.67651e-08
8.57143,7.76643e-05,2.73025e-08
8.67347,7.93309e-05,2.78778e-08
8.77551,8.09347e-05,2.84606e-08
8.87755,8.25949e-05,2.9023e-08
8.97959,8.42211e-05,2.96048e-08
9.08163,8.57624e-05,3.01607e-08
9.18367,8.74871e-05,3.0778e-08
9.28571,8.91446e-05,3.13403e-08
9.38776,9.08232e-05,3.19192e-08
9.4898,9.24699e-05,3.2519e-08
9.59184,9.42073e-05,3.31237e-08
9.69388,9.58301e-05,3.36905e-08
9.79592,9.76078e-05,3.43511e-08
9.89796,9.93102e-05,3.4911e-08
10,0.000101027,3.55368e-08
10.2041,0.000104475,3.67521e-08
10.4082,0.000108005,3.79886e-08
10.6122,0.00011162,3.92445e-08
10.8163,0.000115131,4.04926e-08
11.0204,0.000118786,4.17902e-08
11.2245,0.0001224,4.30337e-08
11.4286,0.000126146,4.43889e-08
11.6327,0.000129826,4.5656e-08
11.8367,0.000133485,4.69672e-08
12.0408,0.000137386,4.83524e-08
12.2449,0.000141198,4.9731e-08
12.449,0.000144858,5.10264e-08
12.6531,0.000148884,5.24507e-08
12.8571,0.000152748,5.38234e-08
13.0612,0.000156643,5.52282e-08
13.2653,0.000160654,5.66114e-08
13.4694,0.000164607,5.80188e-08
13.6735,0.000168583,5.94074e-08
13.8776,0.000172613,6.08949e-08
14.0816,0.000176759,6.23983e-08
14.2857,0.00018076,6.38259e-08
14.4898,0.000184948,6.53173e-08
14.6939,0.000188999,6.67374e-08
14.898,0.000193245,6.82541e-08
15.102,0.000197371,6.9693e-08
15.3061,0.000201676,7.1266e-08
15.5102,0.000205769,7.2705e-08
15.7143,0.000210148,7.42751e-08
15.9184,0.000214474,7.58931e-08
16.1224,0.000218653,7.73981e-08
16.3265,0.000223059,7.89281e-08
16.5306,0.00022745,8.04976e-08
16.7347,0.00023181,8.20718e-08
16.9388,0.000236354,8.37042e-08
17.1429,0.000240654,8.52986e-08
17.3469,0.000245166,8.69013e-08
17.551,0.000249502,8.84539e-08
17.7551,0.000253889,8.99885e-08
17.9592,0.000258488,9.16763e-08
18.1633,0.000263199,9.33454e-08
18.3673,0.00026761,9.50094e-08
18.5714,0.000272306,9.66579e-08
18.7755,0.000276987,9.83155e-08
18.9796,0.000281605,1.00069e-07
19.1837,0.000286083,1.0165e-07
19.3878,0.000290914,1.03407e-07
19.5918,0.00029539,1.04999e-07
19.7959,0.000299928,1.06596e-07
20,0.000304833,1.08358e-07
20.4082,0.000314097,1.11817e-07
20.8163,0.000323686,1.15258e-07
21.2245,0.000333392,1.1889e-07
21.6327,0.000343036,1.22333e-07
22.0408,0.000352841,1.25898e-07
22.449,0.000362503,1.29402e-07
22.8571,0.000372088,1.32759e-07
23.2653,0.000382634,1.36805e-07
23.6735,0.000392324,1.40207e-07
24.0816,0.000402479,1.43934e-07
24.4898,0.00041285,1.47861e-07
24.898,0.000422877,1.51476e-07
25.3061,0.000433108,1.55241e-07
25.7143,0.0004431,1.5884e-07
26.1224,0.000453778,1.62769e-07
26.5306,0.000464121,1.66575e-07
26.9388,0.000474819,1.70497e-07
27.3469,0.000485562,1.74481e-07
27.7551,0.000495954,1.7832e-07
28.1633,0.000506674,1.82379e-07
28.5714,0.00051726,1.8619e-07
28.9796,0.000528111,1.90165e-07
29.3878,0.000539083,1.94218e-07
29.7959,0.000549775,1.98132e-07
30.2041,0.000560787,2.02563e-07
30.6122,0.000572033,2.06694e-07
31.0204,0.000583001,2.10581e-07
31.4286,0.00059377,2.14523e-07
31.8367,0.000605149,2.18835e-07
32.2449,0.000615786,2.22449e-07
32.6531,0.00062769,2.27306e-07
33.0612,0.000638716,2.31064e-07
33.4694,0.000649763,2.35281e-07
33.8776,0.000661327,2.39372e-07
34.2857,0.000672599,2.44005e-07
34.6939,0.000683565,2.47817e-07
35.102,0.000695658,2.52464e-07
35.5102,0.00070745,2.56841e-07
35.9184,0.000719066,2.61093e-07
36.3265,0.000730412,2.6559e-07
36.7347,0.000742042,2.70231e-07
37.1429,0.000753562,2.7422e-07
37.551,0.000765555,2.78728e-07
37.9592,0.000777006,2.82897e-07
38.3673,0.000788832,2.87355e-07
38.7755,0.000800619,2.91937e-07
39.1837,0.000813075,2.96353e-07
39.5918,0.000824842,3.00923e-07
40,0.000836331,3.05509e-07
40.4082,0.000848942,3.10494e-07
40.8163,0.000860946,3.14735e-07
41.2245,0.00087306,3.19218e-07
41.6327,0.000884508,3.2374e-07
42.0408,0.000897611,3.29287e-07
42.449,0.00090916,3.32658e-07
42.8571,0.000921749,3.37716e-07
43.2653,0.000932868,3.41762e-07
43.6735,0.00094673,3.46972e-07
44.0816,0.000958172,3.5149e-07
44.4898,0.000970496,3.56165e-07
44.898,0.000983322,3.60973e-07
45.3061,0.00099604,3.65603e-07
45.7143,0.00100853,3.70725e-07
46.1224,0.00102082,3.753e-07
46.5306,0.00103318,3.80151e-07
46.9388,0.00104572,3.85338e-07
47.3469,0.00105832,3.89513e-07
47.7551,0.00107041,3.94259e-07
48.1633,0.00108362,3.98868e-07
48.5714,0.00109657,4.04087e-07
48.9796,0.00110927,4.08418e-07
49.3878,0.00112203,4.13887e-07
49.7959,0.00113415,4.18584e-07
50.2041,0.00114728,4.24172e-07
50.6122,0.0011613,4.29416e-07
51.0204,0.00117274,4.3315e-07
51.4286,0.0011866,4.38196e-07
51.8367,0.00119886,4.43116e-07
52.2449,0.00121178,4.48083e-07
52.6531,0.00122524,4.5354e-07
53.0612,0.00123826,4.58584e-07
53.4694,0.00125164,4.64005e-07
53.8776,0.00126459,4.68884e-07
54.2857,0.00127758,4.73732e-07
54.6939,0.00128989,4.7805e-07
55.102,0.00130407,4.83188e-07
55.5102,0.0013166,4.88407e-07
55.9184,0.00132904,4.92909e-07
56.3265,0.00134404,4.99562e-07
56.7347,0.00135643,5.04374e-07
57.1429,0.00136934,5.08165e-07
57.551,0.00138412,5.15721e-07
57.9592,0.00139704,5.2013e-07
58.3673,0.00141032,5.24718e-07
58.7755,0.00142224,5.2935e-07
59.1837,0.00143583,5.34311e-07
59.5918,0.00144984,5.40283e-07
60,0.00146374,5.45346e-07
60.4082,0.00147691,5.5145e-07
60.8163,0.00149188,5.56028e-07
61.2245,0.00150497,5.62286e-07
61.6327,0.00151789,5.67061e-07
62.0408,0.00153168,5.7181e-07
62.449,0.00154564,5.77699e-07
62.8571,0.0015586,5.80911e-07
63.2653,0.0015719,5.87421e-07
63.6735,0.00158644,5.9309e-07
64.0816,0.00159989,5.98368e-07
64.4898,0.00161419,6.04231e-07
64.898,0.00162776,6.09365e-07
65.3061,0.00164072,6.14089e-07
65.7143,0.00165494,6.19182e-07
66.1224,0.00166896,6.2428e-07
66.5306,0.00168341,6.30164e-07
66.9388,0.00169617,6.36757e-07
67.3469,0.00171116,6.40819e-07
67.7551,0.0017239,6.46913e-07
68.1633,0.00173886,6.52615e-07
68.5714,0.00175208,6.58172e-07
68.9796,0.00176605,6.63899e-07
69.3878,0.00178087,6.6955e-07
69.7959,0.00179468,6.74112e-07
70.2041,0.00180943,6.79868e-07
70.6122,0.00182344,6.85853e-07
71.0204,0.00183777,6.91015e-07
71.4286,0.00185019,6.96628e-07
71.8367,0.001865,7.02785e-07
72.2449,0.00187926,7.07814e-07
72.6531,0.00189263,7.11982e-07
73.0612,0.00190706,7.17524e-07
73.4694,0.00192189,7.23608e-07
73.8776,0.00193667,7.29736e-07
74.2857,0.0019498,7.3582e-07
74.6939,0.00196491,7.41701e-07
75.102,0.00197938,7.48525e-07
75.5102,0.00199359,7.52268e-07
75.9184,0.00200733,7.57027e-07
76.3265,0.00202172,7.64246e-07
76.7347,0.00203755,7.70107e-07
77.1429,0.00205181,7.75792e-07
77.551,0.00206489,7.81216e-07
77.9592,0.00208057,7.86423e-07
78.3673,0.00209341,7.91622e-07
78.7755,0.00210809,7.97455e-07
79.1837,0.0021239,8.04753e-07
79.5918,0.0021386,8.10218e-07
80,0.00215155,8.15152e-07
80.4082,0.00216751,8.23129e-07
80.8163,0.0021827,8.27442e-07
81.2245,0.00219665,8.34907e-07
81.6327,0.00221159,8.37573e-07
82.0408,0.00222503,8.44361e-07
82.449,0.00224119,8.49073e-07
82.8571,0.00225612,8.576e-07
83.2653,0.00226947,8.62872e-07
83.6735,0.00228389,8.66471e-07
84.0816,0.00230058,8.76078e-07
84.4898,0.00231467,8.80603e-07
84.898,0.00232907,8.84612e-07
85.3061,0.00234619,8.92252e-07
85.7143,0.00235793,8.96602e-07
86.1224,0.00237312,9.02258e-07
86.5306,0.00238839,9.10278e-07
86.9388,0.00240329,9.15489e-07
87.3469,0.00241753,9.2019e-07
87.7551,0.00243342,9.27263e-07
88.1633,0.00244675,9.32048e-07
88.5714,0.00246231,9.36525e-07
88.9796,0.00247646,9.45691e-07
89.3878,0.00249212,9.50796e-07
89.7959,0.00250863,9.58238e-07
90.2041,0.00252268,9.63092e-07
90.6122,0.00253759,9.6885e-07
91.0204,0.00255249,9.75862e-07
91.4286,0.00256598,9.80741e-07
91.8367,0.00258341,9.88255e-07
92.2449,0.00259725,9.89864e-07
92.6531,0.00261172,9.97978e-07
93.0612,0.0026287,1.00565e-06
93.4694,0.00264496,1.01088e-06
93.8776,0.002656,1.01506e-06
94.2857,0.00267532,1.02284e-06
94.6939,0.00268702,1.02685e-06
95.102,0.00270378,1.0346e-06
95.5102,0.00271724,1.04032e-06
95.9184,0.00273453,1.04795e-06
96.3265,0.00274898,1.05162e-06
96.7347,0.00276281,1.05751e-06
97.1429,0.00278087,1.06455e-06
97.551,0.00279438,1.07089e-06
97.9592,0.00281259,1.07954e-06
98.3673,0.00282648,1.08376e-06
98.7755,0.0028412,1.08936e-06
99.1837,0.00285752,1.09451e-06
99.5918,0.00287161,1.10144e-06
100,0.00288747,1.10743e-06
100.816,0.0029181,1.11981e-06
101.633,0.00295021,1.13466e-06
102.449,0.00298172,1.14632e-06
103.265,0.00301047,1.15976e-06
104.082,0.00304154,1.17026e-06
104.898,0.00307292,1.1839e-06
105.714,0.00310411,1.19567e-06
106.531,0.00313834,1.21325e-06
107.347,0.0031669,1.22024e-06
108.163,0.00319714,1.23458e-06
108.98,0.00323036,1.24726e-06
109.796,0.00326109,1.25899e-06
110.612,0.00329332,1.27387e-06
111.429,0.00332213,1.2831e-06
112.245,0.00335538,1.29795e-06
113.061,0.00338704,1.31183e-06
113.878,0.00342232,1.32718e-06
114.694,0.00345015,1.3391e-06
115.51,0.00348414,1.35309e-06
116.327,0.00351685,1.36325e-06
117.143,0.00354552,1.37116e-06
117.959,0.00357994,1.38798e-06
118.776,0.00361126,1.40075e-06
119.592,0.00364101,1.41159e-06
120.408,0.00367484,1.42683e-06
121.224,0.00370694,1.44258e-06
122.041,0.00373718,1.45052e-06
122.857,0.00377361,1.46921e-06
123.673,0.00380458,1.48066e-06
124.49,0.00383672,1.49468e-06
125.306,0.00386853,1.5027e-06
126.122,0.00390151,1.52092e-06
126.939,0.0039362,1.53642e-06
127.755,0.00396291,1.54494e-06
128.571,0.00399831,1.56109e-06
129.388,0.00403062,1.57708e-06
130.204,0.0040635,1.58794e-06
131.02,0.00409633,1.60157e-06
131.837,0.00412936,1.61149e-06
132.653,0.00416252,1.62388e-06
133.469,0.00419395,1.6397e-06
134.286,0.00422809,1.65645e-06
135.102,0.00426155,1.66734e-06
135.918,0.00429638,1.68275e-06
136.735,0.00432867,1.69478e-06
137.551,0.00436048,1.71114e-06
138.367,0.00439258,1.71834e-06
139.184,0.00442825,1.74165e-06
140,0.0044581,1.74824e-06
140.816,0.00449276,1.76125e-06
141.633,0.00452495,1.77328e-06
142.449,0.00455886,1.78803e-06
143.265,0.00459218,1.80565e-06
144.082,0.00462977,1.82256e-06
144.898,0.00465952,1.83194e-06
145.714,0.00469302,1.84693e-06
146.531,0.00472891,1.86421e-06
147.347,0.00475857,1.87196e-06
148.163,0.00479774,1.88898e-06
148.98,0.00482794,1.90216e-06
149.796,0.00486441,1.91799e-06
150.612,0.00489268,1.92897e-06
151.429,0.00492805,1.94134e-06
152.245,0.00496231,1.95508e-06
153.061,0.00499627,1.97695e-06
153.878,0.00502933,1.98289e-06
154.694,0.00506523,2.00006e-06
155.51,0.00509846,2.01144e-06
156.327,0.00513049,2.02989e-06
157.143,0.00516997,2.04609e-06
157.959,0.00520232,2.05472e-06
158.776,0.00523666,2.07479e-06
159.592,0.0052719,2.0897e-06
160.408,0.00530449,2.09724e-06
161.224,0.00534054,2.11949e-06
162.041,0.00537068,2.13264e-06
162.857,0.0054071,2.14276e-06
163.673,0.00544218,2.15797e-06
164.49,0.00547607,2.17415e-06
165.306,0.00550627,2.17597e-06
166.122,0.00554494,2.20949e-06
166.939,0.00557637,2.20987e-06
167.755,0.00561282,2.23336e-06
168.571,0.00564803,2.24058e-06
169.388,0.00568123,2.25296e-06
170.204,0.0057177,2.27047e-06
171.02,0.00575276,2.28848e-06
171.837,0.00579202,2.31105e-06
172.653,0.00581829,2.31535e-06
173.469,0.0058538,2.33912e-06
174.286,0.00589026,2.34505e-06
175.102,0.00592806,2.36119e-06
175.918,0.00596364,2.37664e-06
176.735,0.00599833,2.38413e-06
177.551,0.00603407,2.4067e-06
178.367,0.00606439,2.42665e-06
179.184,0.0061007,2.43442e-06
180,0.00614013,2.44894e-06
180.816,0.00617213,2.46563e-06
181.633,0.00621039,2.48171e-06
182.449,0.00624691,2.49861e-06
183.265,0.0062789,2.50869e-06
184.082,0.00631254,2.52085e-06
184.898,0.00634921,2.5356e-06
185.714,0.00638071,2.55424e-06
186.531,0.00641715,2.56921e-06
187.347,0.00644949,2.57907e-06
188.163,0.00649379,2.59894e-06
188.98,0.00652665,2.61684e-06
189.796,0.00656102,2.62257e-06
190.612,0.00659884,2.64846e-06
191.429,0.00663494,2.66023e-06
192.245,0.00667042,2.67848e-06
193.061,0.00670288,2.68473e-06
193.878,0.00673126,2.69705e-06
194.694,0.00677642,2.72172e-06
195.51,0.00681151,2.7392e-06
196.327,0.00684428,2.75319e-06
197.143,0.00688016,2.77461e-06
197.959,0.00691518,2.77718e-06
198.776,0.00695387,2.79564e-06
199.592,0.00698682,2.80326e-06
200.408,0.00702814,2.82247e-06
201.224,0.00705633,2.83201e-06
202.041,0.00709731,2.85274e-06
202.857,0.00713514,2.86665e-06
203.673,0.00716397,2.8785e-06
204.49,0.00720451,2.89604e-06
205.306,0.00724076,2.91781e-06
206.122,0.00727372,2.92668e-06
206.939,0.00731123,2.94977e-06
207.755,0.00734807,2.9614e-06
208.571,0.00738633,2.96738e-06
209.388,0.007422,2.98606e-06
210.204,0.00745745,3.00557e-06
211.02,0.00749664,3.02837e-06
211.837,0.00752833,3.03868e-06
212.653,0.00756368,3.04964e-06
213.469,0.00760046,3.06161e-06
214.286,0.00764407,3.10258e-06
215.102,0.00768002,3.1028e-06
215.918,0.00771402,3.12068e-06
216.735,0.0077474,3.12452e-06
217.551,0.00778052,3.14479e-06
218.367,0.00782287,3.16338e-06
219.184,0.0078623,3.17889e-06
220,0.00815689,3.52318e-06
221.633,0.00823978,3.59149e-06
223.265,0.00831282,3.61875e-06
224.898,0.00838949,3.64832e-06
226.531,0.00846668,3.67204e-06
228.163,0.00853646,3.70058e-06
229.796,0.00861387,3.7493e-06
231.429,0.00870044,3.78834e-06
233.061,0.00877708,3.82392e-06
234.694,0.00885174,3.85765e-06
236.327,0.00892602,3.89697e-06
237.959,0.00900672,3.94286e-06
239.592,0.00908714,3.9654e-06
241.224,0.00916036,3.98912e-06
242.857,0.00923039,4.03811e-06
244.49,0.00931021,4.05912e-06
246.122,0.00939292,4.10172e-06
247.755,0.00946913,4.1493e-06
249.388,0.00954405,4.17106e-06
251.02,0.0096247,4.20804e-06
252.653,0.00970385,4.24397e-06
254.286,0.00977001,4.25736e-06
255.918,0.00986282,4.3322e-06
257.551,0.00993956,4.38251e-06
259.184,0.0100129,4.39258e-06
260.816,0.010096,4.43236e-06
262.449,0.0101693,4.46504e-06
264.082,0.0102515,4.52686e-06
265.714,0.0103332,4.5568e-06
267.347,0.0104129,4.5789e-06
268.98,0.0104801,4.63431e-06
270.612,0.0105592,4.6397e-06
272.245,0.0106503,4.69911e-06
273.878,0.0107204,4.71454e-06
275.51,0.0108052,4.77373e-06
277.143,0.0108806,4.80369e-06
278.776,0.0109693,4.83064e-06
280.408,0.0110425,4.88272e-06
282.041,0.0111211,4.89539e-06
283.673,0.0112026,4.94843e-06
285.306,0.0112783,4.98223e-06
286.939,0.0113569,5.01045e-06
288.571,0.0114511,5.09873e-06
290.204,0.0115207,5.10903e-06
291.837,0.0116044,5.13026e-06
293.469,0.0116743,5.16043e-06
295.102,0.0117576,5.19538e-06
296.735,0.0118419,5.23318e-06
298.367,0.0119169,5.29409e-06
300,0.0119975,5.32145e-06
301.633,0.0120847,5.33903e-06
303.265,0.0121604,5.3734e-06
304.898,0.0122443,5.42076e-06
306.531,0.0123279,5.45804e-06
308.163,0.0124097,5.51336e-06
309.796,0.0124932,5.54991e-06
311.429,0.0125671,5.58956e-06
313.061,0.0126491,5.65632e-06
314.694,0.0127371,5.67437e-06
316.327,0.0128084,5.6993e-06
317.959,0.0129038,5.7638e-06
319.592,0.0129747,5.77494e-06
321.224,0.0130599,5.8395e-06
322.857,0.0131283,5.8411e-06
324.49,0.0132148,5.90122e-06
326.122,0.0132982,5.90762e-06
327.755,0.0133744,5.95682e-06
329.388,0.0134669,6.04148e-06
331.02,0.0135377,6.00335e-06
332.653,0.0136329,6.08663e-06
334.286,0.0137039,6.10331e-06
335.918,0.0137907,6.17703e-06
337.551,0.0138793,6.20905e-06
339.184,0.0139584,6.23264e-06
340.816,0.0140368,6.26537e-06
342.449,0.0141279,6.31537e-06
344.082,0.0142062,6.35743e-06
345.714,0.0142732,6.35789e-06
347.347,0.0143813,6.41326e-06
348.98,0.014448,6.45598e-06
350.612,0.0145349,6.52088e-06
352.245,0.0146281,6.56579e-06
353.878,0.0147116,6.61322e-06
355.51,0.0147878,6.63582e-06
357.143,0.0148698,6.64914e-06
358.776,0.0149525,6.68637e-06
360.408,0.0150457,6.70679e-06
362.041,0.015116,6.74522e-06
363.673,0.0152139,6.84568e-06
365.306,0.0152808,6.87833e-06
366.939,0.0153712,6.8652e-06
368.571,0.0154665,6.93143e-06
370.204,0.015549,7.00308e-06
371.837,0.0156186,7.03806e-06
373.469,0.0157024,7.0704e-06
375.102,0.0157841,7.14514e-06
376.735,0.0158837,7.18868e-06
378.367,0.0159586,7.17628e-06
380,0.0160377,7.17236e-06
382.449,0.0161756,7.2887e-06
384.898,0.0163081,7.40239e-06
387.347,0.0164254,7.41822e-06
389.796,0.0165479,7.4316e-06
392.245,0.016672,7.54117e-06
394.694,0.0168171,7.59104e-06
397.143,0.0169471,7.62777e-06
399.592,0.0170584,7.74817e-06
402.041,0.0171936,7.77066e-06
404.49,0.0173196,7.83166e-06
406.939,0.0174424,7.90639e-06
409.388,0.0175684,7.93408e-06
411.837,0.0176981,8.01444e-06
414.286,0.0178225,8.10338e-06
416.735,0.0179493,8.15431e-06
419.184,0.0180924,8.2254e-06
421.633,0.0182025,8.24557e-06
424.082,0.0183228,8.34669e-06
426.531,0.018475,8.43284e-06
428.98,0.0186032,8.4148e-06
431.429,0.0187302,8.50559e-06
433.878,0.018862,8.58074e-06
436.327,0.0189884,8.64987e-06
438.776,0.0191145,8.72998e-06
441.224,0.0192438,8.74376e-06
443.673,0.0193914,8.94849e-06
446.122,0.0195073,8.95417e-06
448.571,0.0196429,9.02167e-06
451.02,0.0197762,8.99542e-06
453.469,0.0198969,9.01256e-06
455.918,0.0200297,9.13361e-06
458.367,0.0201678,9.21181e-06
460.816,0.0202909,9.21783e-06
463.265,0.0204104,9.34032e-06
465.714,0.0205596,9.40127e-06
468.163,0.0206957,9.48713e-06
470.612,0.0208153,9.47961e-06
473.061,0.0209628,9.63091e-06
475.51,0.0210692,9.58917e-06
477.959,0.0212008,9.69043e-06
480.408,0.0213507,9.77198e-06
482.857,0.0214827,9.87226e-06
485.306,0.0215941,9.90749e-06
487.755,0.0217371,9.9968e-06
490.204,0.0218575,1.00128e-05
492.653,0.0220099,1.01224e-05
495.102,0.0221333,1.01261e-05
497.551,0.0222533,1.02236e-05
500,0.0223932,1.03228e-05
502.449,0.0225162,1.03063e-05
504.898,0.0226484,1.03586e-05
507.347,0.0227894,1.04598e-05
509.796,0.0229126,1.04808e-05
512.245,0.0230803,1.07077e-05
514.694,0.023181,1.064e-05
517.143,0.0233332,1.07515e-05
519.592,0.0234624,1.08033e-05
522.041,0.0235829,1.09278e-05
524.49,0.0237262,1.09157e-05
526.939,0.0238527,1.10382e-05
529.388,0.0239967,1.10722e-05
531.837,0.0241265,1.10984e-05
534.286,0.024277,1.1327e-05
536.735,0.0243763,1.12288e-05
539.184,0.0245446,1.13462e-05
541.633,0.0246727,1.14615e-05
544.082,0.0247824,1.14338e-05
546.531,0.0249349,1.15178e-05
548.98,0.0250732,1.16223e-05
551.429,0.0251834,1.15963e-05
553.878,0.0253383,1.1694e-05
556.327,0.0254642,1.18616e-05
558.776,0.0256266,1.18774e-05
561.224,0.0257387,1.18246e-05
563.673,0.0258962,1.20705e-05
566.122,0.0260267,1.20833e-05
568.571,0.0261431,1.2028e-05
571.02,0.0262827,1.21528e-05
573.469,0.0264162,1.22611e-05
575.918,0.0265851,1.24275e-05
578.367,0.0267122,1.24354e-05
580.816,0.0268468,1.24094e-05
583.265,0.0269968,1.25517e-05
585.714,0.0271062,1.25843e-05
588.163,0.0272469,1.27135e-05
590.612,0.0274054,1.28568e-05
593.061,0.0275413,1.27373e-05
595.51,0.027643,1.28073e-05
597.959,0.0277752,1.30257e-05
600.408,0.0279252,1.29825e-05
602.857,0.0280678,1.30788e-05
605.306,0.0281888,1.31427e-05
607.755,0.0283399,1.32349e-05
610.204,0.0284753,1.325e-05
612.653,0.0285903,1.3279e-05
615.102,0.0287656,1.34077e-05
617.551,0.0288698,1.33781e-05
620,0.0289938,1.34756e-05
622.449,0.0291465,1.35471e-05
624.898,0.0292924,1.36801e-05
627.347,0.0294452,1.38451e-05
629.796,0.0295676,1.37374e-05
632.245,0.0297192,1.39093e-05
634.694,0.029844,1.40023e-05
637.143,0.0300044,1.40687e-05
639.592,0.0301464,1.41358e-05
642.041,0.0302516,1.4124e-05
644.49,0.0303893,1.41566e-05
646.939,0.0305358,1.4272e-05
649.388,0.0306522,1.42474e-05
651.837,0.0308146,1.43109e-05
654.286,0.0309623,1.44088e-05
656.735,0.0310954,1.45803e-05
659.184,0.0312358,1.46575e-05
661.633,0.0313833,1.4751e-05
664.082,0.031505,1.47304e-05
666.531,0.0316183,1.47026e-05
668.98,0.0317617,1.49664e-05
671.429,0.0319029,1.49985e-05
673.878,0.0320592,1.49808e-05
676.327,0.0321968,1.5154e-05
678.776,0.032364,1.50979e-05
681.224,0.0324702,1.54081e-05
683.673,0.0326534,1.53664e-05
686.122,0.0327719,1.53364e-05
688.571,0.0329312,1.53982e-05
691.02,0.0330381,1.54127e-05
693.469,0.0331926,1.55679e-05
695.918,0.0333232,1.56563e-05
698.367,0.0334702,1.56358e-05
700.816,0.0336224,1.58971e-05
703.265,0.0337669,1.59792e-05
705.714,0.0338754,1.59222e-05
708.163,0.0340213,1.6095e-05
710.612,0.0341856,1.61543e-05
713.061,0.0343161,1.62694e-05
715.51,0.0344491,1.6305e-05
717.959,0.0345684,1.62881e-05
720.408,0.0347405,1.64907e-05
722.857,0.0348824,1.64097e-05
725.306,0.0349917,1.64851e-05
727.755,0.0351556,1.66256e-05
730.204,0.0353056,1.67196e-05
732.653,0.0354654,1.67319e-05
735.102,0.0355638,1.66657e-05
737.551,0.0357266,1.67318e-05
740,0.0358762,1.68969e-05
743.265,0.0360387,1.6903e-05
746.531,0.036223,1.69524e-05
749.796,0.0364072,1.72444e-05
753.061,0.0365779,1.72596e-05
756.327,0.0368206,1.75148e-05
759.592,0.0369699,1.74777e-05
762.857,0.0372258,1.75536e-05
766.122,0.0373578,1.77039e-05
769.388,0.0375581,1.77178e-05
772.653,0.0377434,1.77936e-05
775.918,0.0379487,1.78698e-05
779.184,0.0381322,1.8084e-05
782.449,0.0383311,1.81308e-05
785.714,0.0385528,1.82527e-05
788.98,0.038692,1.82868e-05
792.245,0.0389134,1.84707e-05
795.51,0.0391211,1.84942e-05
798.776,0.0393117,1.86421e-05
802.041,0.0394947,1.87816e-05
805.306,0.0396721,1.89269e-05
808.571,0.0398419,1.90271e-05
811.837,0.0400816,1.92056e-05
815.102,0.0402113,1.9033e-05
818.367,0.0404389,1.91902e-05
821.633,0.0406071,1.92865e-05
824.898,0.0408516,1.96771e-05
828.163,0.0409959,1.95089e-05
831.429,0.0412129,1.96436e-05
834.694,0.0413835,1.96315e-05
837.959,0.0416114,1.99597e-05
841.224,0.0417684,1.99335e-05
844.49,0.0419985,1.9999e-05
847.755,0.0421673,2.00147e-05
851.02,0.0423937,2.01249e-05
854.286,0.0425556,2.0265e-05
857.551,0.0427352,2.04586e-05
860.816,0.0429323,2.06521e-05
864.082,0.0431429,2.05663e-05
867.347,0.0432728,2.04064e-05
870.612,0.043488,2.07856e-05
873.878,0.0436838,2.0956e-05
877.143,0.0438839,2.08967e-05
880.408,0.0440961,2.10204e-05
883.673,0.0443085,2.12602e-05
886.939,0.0445094,2.13763e-05
890.204,0.0446991,2.14474e-05
893.469,0.0448752,2.13501e-05
896.735,0.0451031,2.14558e-05
900,0.0452811,2.16852e-05
903.265,0.0454532,2.17376e-05
906.531,0.0456762,2.21945e-05
909.796,0.0458563,2.19227e-05
913.061,0.0460386,2.20052e-05
916.327,0.0462471,2.22762e-05
919.592,0.0464647,2.24407e-05
922.857,0.0466185,2.23379e-05
926.122,0.0468326,2.25992e-05
929.388,0.0470165,2.24996e-05
932.653,0.0471712,2.26135e-05
935.918,0.0473929,2.29093e-05
939.184,0.047615,2.2905e-05
942.449,0.0478435,2.29622e-05
945.714,0.0479911,2.29929e-05
948.98,0.048202,2.31029e-05
952.245,0.0484009,2.33977e-05
955.51,0.0486021,2.32251e-05
958.776,0.0487622,2.33451e-05
962.041,0.0490123,2.39115e-05
965.306,0.0492275,2.36923e-05
968.571,0.0493822,2.37614e-05
971.837,0.0495837,2.38694e-05
975.102,0.0497472,2.38686e-05
978.367,0.0500127,2.38868e-05
981.633,0.0501242,2.42612e-05
984.898,0.0503444,2.42123e-05
988.163,0.0505436,2.44156e-05
991.429,0.050735,2.44104e-05
994.694,0.0509744,2.49264e-05
997.959,0.0511613,2.44835e-05
1001.22,0.0513519,2.48364e-05
1004.49,0.0515723,2.4893e-05
1007.76,0.0517557,2.49043e-05
1011.02,0.0519556,2.5154e-05
1014.29,0.0521275,2.50626e-05
1017.55,0.0523352,2.52871e-05
1020.82,0.0525639,2.53075e-05
1024.08,0.0527784,2.55937e-05
1027.35,0.0529439,2.56179e-05
1030.61,0.0531245,2.54609e-05
1033.88,0.0533524,2.57418e-05
1037.14,0.0535005,2.59122e-05
1040.41,0.0537274,2.61831e-05
1043.67,0.0539283,2.59926e-05
1046.94,0.0540526,2.6052e-05
1050.2,0.0543235,2.67103e-05
1053.47,0.0545438,2.64401e-05
1056.73,0.0547236,2.70766e-05
1060,0.0549532,2.66105e-05
